fixture_id,team,player_id,player_name,minutes_played,rating,position,is_substitute,shots_total,shots_on_goal,goals_total,assists,passes_total,passes_key,passes_accuracy_pct,tackles_total,tackles_interceptions,duels_won
867946,Crystal Palace,18835,Vicente Guaita,90.0,6.2,G,False,,,,,37.0,,35,,,
867946,Crystal Palace,18862,Nathaniel Clyne,90.0,6.3,D,False,,,,,56.0,1.0,50,,1.0,3.0
867946,Crystal Palace,2729,Joachim Andersen,90.0,7.9,D,False,,,,,104.0,1.0,91,6.0,2.0,12.0
867946,Crystal Palace,67971,Marc Guéhi,90.0,6.3,D,False,,,,,105.0,,93,,1.0,1.0
867946,Crystal Palace,182201,Tyrick Mitchell,90.0,6.3,D,False,,,,,52.0,,39,1.0,2.0,2.0
867946,Crystal Palace,3339,Cheick Doucouré,75.0,6.7,M,False,,,,,34.0,,32,1.0,1.0,1.0
867946,Crystal Palace,18843,Jeffrey Schlupp,86.0,6.9,M,False,1.0,,,,35.0,,30,4.0,1.0,8.0
867946,Crystal Palace,3428,Jordan Ayew,90.0,6.2,M,False,,,,,30.0,3.0,26,2.0,,10.0
867946,Crystal Palace,19586,Eberechi Eze,86.0,6.2,M,False,1.0,1.0,,,35.0,,31,1.0,,3.0
867946,Crystal Palace,3247,Wilfried Zaha,90.0,7.2,M,False,,,,,35.0,2.0,29,3.0,,11.0
867946,Crystal Palace,1135,Odsonne Édouard,58.0,6.2,F,False,1.0,1.0,,,6.0,,3,,,1.0
867946,Crystal Palace,19143,Sam Johnstone,,,G,True,,,,,,,,,,
867946,Crystal Palace,126949,Chris Richards,,,D,True,,,,,,,,,,
867946,Crystal Palace,18847,Joel Ward,,,D,True,,,,,,,,,,
867946,Crystal Palace,18852,Luka Milivojević,15.0,6.5,M,True,,,,,16.0,,15,,,
867946,Crystal Palace,328808,Malcolm Ebiowei,8.0,6.5,M,True,,,,,3.0,,2,,,1.0
867946,Crystal Palace,18853,Jaïro Riedewald,,,M,True,,,,,,,,,,
867946,Crystal Palace,18806,Will Hughes,8.0,6.2,M,True,,,,,4.0,,3,,,
867946,Crystal Palace,25927,Jean-Philippe Mateta,32.0,6.7,F,True,1.0,,,,10.0,1.0,8,,,
867946,Crystal Palace,284059,Luke Plange,,,F,True,,,,,,,,,,
867946,Arsenal,20355,Aaron Ramsdale,90.0,7.5,G,False,,,,,28.0,,20,,,1.0
867946,Arsenal,19959,Benjamin White,90.0,7.6,D,False,,,,,32.0,1.0,24,8.0,1.0,12.0
867946,Arsenal,22090,William Saliba,90.0,7.5,D,False,,,,,48.0,,45,1.0,,4.0
867946,Arsenal,22224,Gabriel Magalhães,90.0,7.2,D,False,,,,,58.0,,52,1.0,1.0,6.0
867946,Arsenal,641,Oleksandr Zinchenko,83.0,7.3,D,False,1.0,1.0,,1.0,48.0,2.0,39,5.0,3.0,7.0
867946,Arsenal,37127,Martin Ødegaard,89.0,7.2,M,False,1.0,,,,39.0,,28,2.0,,3.0
867946,Arsenal,49,Thomas Partey,90.0,7,M,False,,,,,47.0,1.0,38,6.0,1.0,7.0
867946,Arsenal,1464,Granit Xhaka,90.0,7.2,M,False,,,,,47.0,1.0,40,1.0,2.0,9.0
867946,Arsenal,1460,Bukayo Saka,90.0,7,F,False,2.0,,,,29.0,1.0,24,2.0,,4.0
867946,Arsenal,643,Gabriel Jesus,83.0,7,F,False,,,,,28.0,,20,1.0,1.0,10.0
867946,Arsenal,127769,Gabriel Martinelli,90.0,7,F,False,2.0,1.0,1.0,,26.0,1.0,24,,,5.0
867946,Arsenal,50999,Matt Turner,,,G,True,,,,,,,,,,
867946,Arsenal,190,Cédric Soares,,,D,True,,,,,,,,,,
867946,Arsenal,1440,Rob Holding,,,D,True,,,,,,,,,,
867946,Arsenal,1117,Kieran Tierney,11.0,6.9,D,True,,,,,4.0,,2,2.0,,2.0
867946,Arsenal,727,Reiss Nelson,,,F,True,,,,,,,,,,
867946,Arsenal,1427,Albert Sambi Lokonga,1.0,,M,True,,,,,1.0,,1,,,1.0
867946,Arsenal,1452,Mohamed Elneny,,,M,True,,,,,,,,,,
867946,Arsenal,3246,Nicolas Pépé,,,F,True,,,,,,,,,,
867946,Arsenal,1468,Edward Nketiah,11.0,6.6,F,True,,,,,3.0,1.0,3,,,1.0
867947,Fulham,19657,Marek Rodák,90.0,6.3,G,False,,,,,31.0,,12,,,1.0
867947,Fulham,657,Kenny Tete,90.0,7.2,D,False,,,,1.0,30.0,1.0,17,5.0,2.0,7.0
867947,Fulham,19145,Tosin Adarabioyo,90.0,6.9,D,False,,,,,26.0,,17,2.0,1.0,4.0
867947,Fulham,19023,Tim Ream,90.0,7.2,M,False,,,,,27.0,,19,1.0,1.0,3.0
867947,Fulham,19549,Antonee Robinson,90.0,6.5,D,False,,,,,34.0,,22,1.0,2.0,1.0
867947,Fulham,19480,Harrison Reed,90.0,6.9,M,False,,,,,31.0,1.0,19,3.0,2.0,6.0
867947,Fulham,41104,João Palhinha,90.0,7.2,D,False,,,,,26.0,,20,6.0,1.0,9.0
867947,Fulham,19027,Neeskens Kebano,66.0,6.3,M,False,1.0,,,,14.0,1.0,11,1.0,,3.0
867947,Fulham,899,Andreas Pereira,89.0,6.5,M,False,,,,,23.0,1.0,14,,,1.0
867947,Fulham,19004,Bobby Reid,89.0,6.9,M,False,1.0,1.0,,,21.0,1.0,18,2.0,,5.0
867947,Fulham,2825,Aleksandar Mitrović,90.0,9.5,F,False,3.0,2.0,2.0,,28.0,1.0,10,1.0,1.0,18.0
867947,Fulham,1438,Bernd Leno,,,G,True,,,,,,,,,,
867947,Fulham,18962,Shane Duffy,1.0,,D,True,,,,,,,,,,
867947,Fulham,946,Kevin Mbabu,,,D,True,,,,,,,,,,
867947,Fulham,129707,Tyrese Francois,,,M,True,,,,,,,,,,
867947,Fulham,19025,Tom Cairney,1.0,,M,True,,,,,,,,1.0,,1.0
867947,Fulham,153077,Luke Harris,,,M,True,,,,,,,,,,
867947,Fulham,697,Manor Solomon,24.0,6.3,F,True,,,,,3.0,,2,2.0,,2.0
867947,Fulham,195106,Rodrigo Muniz,,,F,True,,,,,,,,,,
867947,Fulham,191971,Jay Stansfield,,,F,True,,,,,,,,,,
867947,Liverpool,280,Alisson,90.0,6.2,G,False,,,,,29.0,,22,,,
867947,Liverpool,283,Trent Alexander-Arnold,90.0,6.9,D,False,,,,,61.0,1.0,36,2.0,1.0,2.0
867947,Liverpool,286,Joël Matip,90.0,6.6,D,False,,,,,93.0,,79,3.0,2.0,5.0
867947,Liverpool,290,Virgil van Dijk,90.0,6.5,M,False,,,,,95.0,,79,2.0,,5.0
867947,Liverpool,289,Andrew Robertson,90.0,6.5,D,False,,,,,58.0,,43,2.0,,6.0
867947,Liverpool,292,Jordan Henderson,90.0,7.2,M,False,1.0,,,,63.0,2.0,45,,1.0,
867947,Liverpool,299,Fabinho,59.0,6.9,D,False,,,,,36.0,,29,1.0,1.0,2.0
867947,Liverpool,507,Thiago Alcântara,51.0,6.9,M,False,,,,,54.0,1.0,47,,1.0,3.0
867947,Liverpool,306,Mohamed Salah,90.0,7.6,F,False,2.0,1.0,1.0,,32.0,1.0,22,,1.0,2.0
867947,Liverpool,302,Roberto Firmino,51.0,6.7,F,False,,,,,24.0,,18,1.0,,2.0
867947,Liverpool,2489,Luis Díaz,78.0,6.7,F,False,1.0,,,,23.0,,19,,,3.0
867947,Liverpool,18812,Adrián,,,G,True,,,,,,,,,,
867947,Liverpool,284,Joe Gomez,,,D,True,,,,,,,,,,
867947,Liverpool,36922,Sepp van den Berg,,,D,True,,,,,,,,,,
867947,Liverpool,284366,Luke Chambers,,,D,True,,,,,,,,,,
867947,Liverpool,310187,Stefan Bajčetić,,,D,True,,,,,,,,,,
867947,Liverpool,153066,Fabio Carvalho,12.0,6.6,M,True,1.0,,,,2.0,,2,,2.0,1.0
867947,Liverpool,19035,Harvey Elliott,39.0,6.2,M,True,,,,,20.0,1.0,17,,1.0,1.0
867947,Liverpool,296,James Milner,31.0,6.2,M,True,,,,,16.0,,10,,,
867947,Liverpool,51617,Darwin Núñez,39.0,7.5,F,True,4.0,3.0,1.0,1.0,6.0,2.0,5,,,3.0
867951,Newcastle,18911,Nick Pope,90.0,6.9,G,False,,,,,12.0,,8,,,
867951,Newcastle,169,Kieran Trippier,90.0,7.6,D,False,,,,,66.0,2.0,49,1.0,4.0,3.0
867951,Newcastle,2806,Fabian Schär,90.0,8.5,D,False,1.0,1.0,1.0,,51.0,1.0,37,2.0,3.0,8.0
867951,Newcastle,18961,Dan Burn,90.0,7.7,D,False,4.0,1.0,,,33.0,1.0,28,2.0,,4.0
867951,Newcastle,18941,Matt Targett,90.0,7.3,D,False,,,,,50.0,3.0,41,3.0,,5.0
867951,Newcastle,1463,Joe Willock,80.0,7.2,M,False,1.0,1.0,,,28.0,1.0,26,4.0,,5.0
867951,Newcastle,10135,Bruno Guimarães,89.0,7.6,M,False,1.0,,,,72.0,3.0,64,3.0,1.0,12.0
867951,Newcastle,723,Joelinton,90.0,7.9,M,False,3.0,2.0,,1.0,53.0,3.0,48,1.0,2.0,9.0
867951,Newcastle,2507,Miguel Almirón,81.0,7.3,F,False,1.0,1.0,,,36.0,2.0,29,2.0,,4.0
867951,Newcastle,2939,Callum Wilson,89.0,7.2,F,False,4.0,2.0,1.0,,7.0,2.0,5,,,1.0
867951,Newcastle,22173,Allan Saint-Maximin,89.0,7.3,F,False,3.0,2.0,,,47.0,1.0,34,,1.0,5.0
867951,Newcastle,18886,Martin Dúbravka,,,G,True,,,,,,,,,,
867951,Newcastle,38734,Sven Botman,1.0,,D,True,,,,,3.0,,3,,,
867951,Newcastle,18903,Matt Ritchie,,,M,True,,,,,,,,,,
867951,Newcastle,18892,Paul Dummett,,,D,True,,,,,,,,,,
867951,Newcastle,18901,Sean Longstaff,10.0,6.9,M,True,,,,,5.0,1.0,3,1.0,,1.0
867951,Newcastle,138908,Elliot Anderson,,,M,True,,,,,,,,,,
867951,Newcastle,18873,Ryan Fraser,9.0,6.7,M,True,,,,,5.0,1.0,4,,,
867951,Newcastle,19163,Jacob Murphy,1.0,,M,True,,,,,,,,,,
867951,Newcastle,18931,Chris Wood,1.0,,F,True,,,,,1.0,,,,,
867951,Nottingham Forest,19088,Dean Henderson,90.0,7.7,G,False,,,,,32.0,,14,,,
867951,Nottingham Forest,1746,Joe Worrall,90.0,6.7,D,False,,,,,34.0,,29,3.0,,5.0
867951,Nottingham Forest,25916,Moussa Niakhaté,83.0,6.5,D,False,,,,,26.0,,21,,1.0,4.0
867951,Nottingham Forest,44811,Scott McKenna,90.0,6.9,D,False,,,,,25.0,,20,,1.0,5.0
867951,Nottingham Forest,138780,Neco Williams,90.0,7,M,False,1.0,,,,29.0,1.0,19,1.0,3.0,3.0
867951,Nottingham Forest,20503,Lewis O'Brien,75.0,6.6,M,False,,,,,26.0,,20,3.0,1.0,7.0
867951,Nottingham Forest,19299,Jack Colback,90.0,6.9,M,False,,,,,25.0,,22,5.0,1.0,7.0
867951,Nottingham Forest,17365,Harry Toffolo,90.0,6.5,M,False,,,,,35.0,,17,,1.0,4.0
867951,Nottingham Forest,900,Jesse Lingard,90.0,6,F,False,,,,,25.0,1.0,23,,2.0,
867951,Nottingham Forest,129711,Brennan Johnson,90.0,6.2,F,False,,,,,14.0,,6,,,1.0
867951,Nottingham Forest,18884,Sam Surridge,63.0,6.9,F,False,2.0,,,,10.0,,5,,,5.0
867951,Nottingham Forest,18836,Wayne Hennessey,,,G,True,,,,,,,,,,
867951,Nottingham Forest,279,Loïc Mbe Soh,,,D,True,,,,,,,,,,
867951,Nottingham Forest,84081,Giulian Biancone,,,D,True,,,,,,,,,,
867951,Nottingham Forest,325967,Oliver Hammond,,,M,True,,,,,,,,,,
867951,Nottingham Forest,40401,Cafú,,,M,True,,,,,,,,,,
867951,Nottingham Forest,24882,Orel Mangala,15.0,6.5,M,True,,,,,8.0,,7,1.0,,1.0
867951,Nottingham Forest,8598,Taiwo Awoniyi,27.0,6.3,F,True,,,,,4.0,,3,2.0,,2.0
867951,Nottingham Forest,19842,Lyle Taylor,,,F,True,,,,,,,,,,
867951,Nottingham Forest,129712,Alex Mighten,11.0,6.3,F,True,,,,,1.0,,1,,,1.0
867948,Bournemouth,18860,Mark Travers,90.0,7.2,G,False,,,,,26.0,,20,,,1.0
867948,Bournemouth,2490,Jefferson Lerma,90.0,7.3,D,False,1.0,1.0,1.0,,27.0,,21,1.0,1.0,1.0
867948,Bournemouth,18866,Chris Mepham,90.0,7.9,D,False,,,,,47.0,,38,2.0,1.0,8.0
867948,Bournemouth,19263,Lloyd Kelly,90.0,7.3,D,False,,,,1.0,26.0,1.0,15,2.0,1.0,5.0
867948,Bournemouth,18869,Adam Smith,90.0,6.5,M,False,1.0,,,,24.0,,14,1.0,2.0,2.0
867948,Bournemouth,19454,Ben Pearson,72.0,6.9,M,False,,,,,33.0,,23,3.0,1.0,6.0
867948,Bournemouth,2734,Philip Billing,90.0,7.3,M,False,1.0,,,,30.0,,24,5.0,5.0,6.0
867948,Bournemouth,19824,Jordan Zemura,90.0,7.5,M,False,,,,,22.0,1.0,15,3.0,,6.0
867948,Bournemouth,19245,Marcus Tavernier,86.0,7.9,F,False,,,,,24.0,3.0,15,1.0,,14.0
867948,Bournemouth,18883,Dominic Solanke,89.0,6.3,F,False,1.0,1.0,,,8.0,,5,1.0,,5.0
867948,Bournemouth,19804,Kieffer Moore,90.0,7,F,False,1.0,1.0,1.0,,23.0,,15,1.0,,7.0
867948,Bournemouth,151756,Will Dennis,,,G,True,,,,,,,,,,
867948,Bournemouth,20093,James Hill,,,D,True,,,,,,,,,,
867948,Bournemouth,19769,Jack Stacey,,,D,True,,,,,,,,,,
867948,Bournemouth,18872,Lewis Cook,18.0,6.9,M,True,,,,,9.0,,5,,2.0,
867948,Bournemouth,1125,Ryan Christie,11.0,6.3,M,True,,,,,2.0,,1,,,1.0
867948,Bournemouth,19356,Emiliano Marcondes,,,M,True,,,,,,,,,,
867948,Bournemouth,18878,Junior Stanislas,1.0,,M,True,,,,,,,,,,
867948,Bournemouth,196855,Jaidon Anthony,,,F,True,,,,,,,,,,
867948,Bournemouth,19964,Siriki Dembélé,,,M,True,,,,,,,,,,
867948,Aston Villa,19599,Emiliano Martínez,90.0,6.3,G,False,,,,,11.0,,8,,,2.0
867948,Aston Villa,19298,Matty Cash,90.0,7,D,False,,,,,63.0,,52,1.0,1.0,7.0
867948,Aston Villa,19354,Ezri Konsa,90.0,6.9,D,False,,,,,64.0,,57,1.0,2.0,6.0
867948,Aston Villa,21090,Diego Carlos,90.0,6.5,D,False,1.0,,,,72.0,,56,1.0,,1.0
867948,Aston Villa,2724,Lucas Digne,90.0,6.6,D,False,,,,,63.0,1.0,54,,3.0,6.0
867948,Aston Villa,19191,John McGinn,90.0,6.9,M,False,1.0,,,,55.0,,46,2.0,1.0,8.0
867948,Aston Villa,1904,Boubacar Kamara,82.0,6.9,M,False,1.0,,,,72.0,,61,1.0,,7.0
867948,Aston Villa,19192,Jacob Ramsey,45.0,7.2,M,False,2.0,1.0,,,32.0,2.0,29,3.0,,6.0
867948,Aston Villa,983,Leon Bailey,90.0,6.9,F,False,,,,,28.0,1.0,22,1.0,,5.0
867948,Aston Villa,18955,Danny Ings,66.0,6.9,F,False,3.0,1.0,,,15.0,1.0,12,,,4.0
867948,Aston Villa,147,Philippe Coutinho,81.0,6.9,F,False,1.0,,,,45.0,1.0,35,,1.0,4.0
867948,Aston Villa,766,Robin Olsen,,,G,True,,,,,,,,,,
867948,Aston Villa,894,Ashley Young,,,D,True,,,,,,,,,,
867948,Aston Villa,19016,Calum Chambers,,,D,True,,,,,,,,,,
867948,Aston Villa,2852,Ludwig Augustinsson,,,D,True,,,,,,,,,,
867948,Aston Villa,19179,Tyrone Mings,,,D,True,,,,,,,,,,
867948,Aston Villa,19071,Emiliano Buendía,45.0,6.3,M,True,,,,,30.0,1.0,27,,,2.0
867948,Aston Villa,47522,Douglas Luiz,8.0,6.7,M,True,,,,,15.0,,15,,,
867948,Aston Villa,19366,Ollie Watkins,24.0,6.3,F,True,,,,,4.0,1.0,4,,,
867948,Aston Villa,137302,Cameron Archer,9.0,6.3,F,True,,,,,2.0,,1,,,
867952,Tottenham,159,Hugo Lloris,90.0,6.3,G,False,,,,,16.0,,15,,,
867952,Tottenham,30776,Cristian Romero,90.0,7,D,False,2.0,,,,74.0,,63,,1.0,5.0
867952,Tottenham,175,Eric Dier,90.0,7.5,D,False,1.0,1.0,1.0,,63.0,,55,,1.0,1.0
867952,Tottenham,164,Ben Davies,86.0,7,D,False,1.0,1.0,,,70.0,1.0,61,1.0,,5.0
867952,Tottenham,1566,Emerson Royal,87.0,7.9,M,False,2.0,,,1.0,50.0,2.0,43,3.0,,7.0
867952,Tottenham,863,Rodrigo Bentancur,86.0,7.5,M,False,,,,,62.0,,56,5.0,1.0,7.0
867952,Tottenham,2735,Pierre-Emile Højbjerg,90.0,7.2,M,False,,,,,69.0,2.0,61,3.0,,6.0
867952,Tottenham,19032,Ryan Sessegnon,66.0,7.3,M,False,1.0,1.0,1.0,,30.0,,22,2.0,,4.0
867952,Tottenham,30435,Dejan Kulusevski,86.0,8.5,F,False,1.0,1.0,1.0,1.0,39.0,3.0,36,4.0,,5.0
867952,Tottenham,186,Heung-min Son,90.0,7.9,F,False,3.0,2.0,,1.0,33.0,4.0,24,3.0,,4.0
867952,Tottenham,184,Harry Kane,90.0,6.6,F,False,2.0,2.0,,,26.0,2.0,19,,,1.0
867952,Tottenham,18932,Fraser Forster,,,G,True,,,,,,,,,,
867952,Tottenham,133,Clément Lenglet,8.0,6.6,D,True,,,,,6.0,,6,,,1.0
867952,Tottenham,168,Davinson Sánchez,,,D,True,,,,,,,,,,
867952,Tottenham,19235,Djed Spence,,,D,True,,,,,,,,,,
867952,Tottenham,207,Ivan Perišić,24.0,6.7,M,True,,,,,6.0,,3,1.0,,1.0
867952,Tottenham,18968,Yves Bissouma,8.0,6.9,M,True,1.0,,,,5.0,1.0,4,1.0,,1.0
867952,Tottenham,18742,Matt Doherty,3.0,,D,True,,,,,3.0,,1,,,
867952,Tottenham,2061,Bryan Gil,,,F,True,,,,,,,,,,
867952,Tottenham,178,Lucas Moura,8.0,6.3,F,True,,,,,2.0,,2,1.0,,1.0
867952,Southampton,105971,Gavin Bazunu,90.0,6.7,G,False,,,,,33.0,,10,,,
867952,Southampton,171,Kyle Walker-Peters,89.0,6.6,D,False,,,,,27.0,,22,2.0,1.0,8.0
867952,Southampton,18942,Yan Valery,45.0,6,D,False,,,,,22.0,,15,,,1.0
867952,Southampton,2999,Jan Bednarek,90.0,6.5,D,False,,,,,52.0,2.0,47,,2.0,2.0
867952,Southampton,47480,Mohammed Salisu,90.0,6.3,D,False,1.0,,,,47.0,1.0,40,2.0,3.0,5.0
867952,Southampton,2114,Moussa Djenepo,72.0,6.3,D,False,1.0,,,1.0,25.0,1.0,18,,1.0,4.0
867952,Southampton,2938,James Ward-Prowse,90.0,7.9,M,False,2.0,1.0,1.0,,38.0,4.0,32,2.0,1.0,2.0
867952,Southampton,282125,Roméo Lavia,90.0,7,M,False,,,,,52.0,,50,2.0,1.0,7.0
867952,Southampton,18949,Oriol Romeu,75.0,6.9,M,False,,,,,29.0,,28,1.0,1.0,6.0
867952,Southampton,19825,Joe Aribo,90.0,6.5,F,False,1.0,1.0,,,21.0,,16,1.0,1.0,4.0
867952,Southampton,19484,Adam Armstrong,45.0,6.5,F,False,1.0,,,,10.0,,10,,,
867952,Southampton,18935,Alex McCarthy,,,G,True,,,,,,,,,,
867952,Southampton,25061,Armel Bella-Kotchap,,,D,True,,,,,,,,,,
867952,Southampton,18940,Jack Stephens,45.0,6.3,D,True,,,,,25.0,,23,1.0,1.0,2.0
867952,Southampton,20600,Romain Perraud,18.0,6.9,D,True,1.0,,,,5.0,,4,1.0,,2.0
867952,Southampton,20557,Ibrahima Diallo,15.0,6.3,M,True,,,,,9.0,,9,,1.0,
867952,Southampton,18948,Nathan Redmond,1.0,,M,True,,,,,,,,,,
867952,Southampton,18945,Stuart Armstrong,45.0,6,M,True,,,,,15.0,,13,2.0,,2.0
867952,Southampton,18946,Mohamed Elyounoussi,,,M,True,,,,,,,,,,
867952,Southampton,19524,Che Adams,,,F,True,,,,,,,,,,
867949,Leeds,20619,Illan Meslier,90.0,7.2,G,False,,,,,21.0,,14,,,
867949,Leeds,533,Rasmus Kristensen,90.0,6.9,D,False,,,,,38.0,1.0,26,1.0,2.0,2.0
867949,Leeds,26238,Robin Koch,90.0,7,D,False,1.0,,,,39.0,,34,3.0,1.0,3.0
867949,Leeds,47302,Diego Llorente,90.0,7.2,D,False,,,,,46.0,,38,2.0,2.0,6.0
867949,Leeds,64003,Pascal Struijk,90.0,6.6,D,False,1.0,,,,45.0,,31,5.0,3.0,10.0
867949,Leeds,47341,Marc Roca,73.0,6.9,M,False,1.0,1.0,,,35.0,1.0,30,1.0,2.0,3.0
867949,Leeds,1150,Tyler Adams,90.0,6.9,M,False,1.0,,,,33.0,1.0,28,4.0,1.0,4.0
867949,Leeds,50739,Brenden Aaronson,85.0,6.2,M,False,,,,,21.0,,15,2.0,,4.0
867949,Leeds,935,Rodrigo,65.0,6.9,M,False,2.0,1.0,1.0,,18.0,,11,,2.0,
867949,Leeds,19128,Jack Harrison,90.0,7.9,M,False,,,,1.0,25.0,7.0,16,2.0,1.0,8.0
867949,Leeds,19134,Patrick Bamford,84.0,6.2,F,False,2.0,2.0,,,15.0,,11,,,3.0
867949,Leeds,39105,Kristoffer Klaesson,,,G,True,,,,,,,,,,
867949,Leeds,153411,Cody Drameh,,,D,True,,,,,,,,,,
867949,Leeds,297187,Leo Fuhr Hjelde,,,D,True,,,,,,,,,,
867949,Leeds,3008,Mateusz Klich,25.0,6.3,M,True,,,,,11.0,,8,,,1.0
867949,Leeds,282124,Darko Gyabi,,,M,True,,,,,,,,,,
867949,Leeds,328089,Archie Gray,,,M,True,,,,,,,,,,
867949,Leeds,153400,Sam Greenwood,17.0,6.6,F,True,1.0,,,,5.0,,5,1.0,,1.0
867949,Leeds,37724,Crysencio Summerville,10.0,6.5,M,True,,,,,2.0,,1,,,
867949,Leeds,19569,Joe Gelhardt,11.0,6.3,F,True,,,,,1.0,,1,,,
867949,Wolves,1590,José Sá,90.0,6.3,G,False,,,,,31.0,,22,,,
867949,Wolves,18740,Jonny Otto,90.0,6.7,D,False,1.0,,,,50.0,,43,3.0,3.0,8.0
867949,Wolves,19495,Nathan Collins,90.0,6.9,D,False,,,,,75.0,,68,,2.0,3.0
867949,Wolves,18744,Max Kilman,90.0,7.3,D,False,1.0,,,,83.0,,75,,,8.0
867949,Wolves,21138,Rayan Aït Nouri,90.0,6.7,D,False,,,,,61.0,3.0,52,3.0,,10.0
867949,Wolves,2922,Leander Dendoncker,90.0,7.5,M,False,3.0,2.0,,,47.0,1.0,44,2.0,5.0,5.0
867949,Wolves,2676,Rúben Neves,90.0,7.9,M,False,1.0,,,,61.0,2.0,55,4.0,1.0,7.0
867949,Wolves,1605,Daniel Podence,90.0,7.5,M,False,2.0,1.0,1.0,,44.0,3.0,29,1.0,,2.0
867949,Wolves,18746,Morgan Gibbs-White,90.0,6.9,M,False,2.0,1.0,,,46.0,1.0,37,2.0,1.0,5.0
867949,Wolves,1864,Pedro Neto,90.0,7.2,M,False,1.0,1.0,,,32.0,2.0,27,1.0,2.0,8.0
867949,Wolves,24888,Hee-Chan Hwang,85.0,7.3,F,False,1.0,1.0,,1.0,16.0,2.0,11,,,4.0
867949,Wolves,19173,Matija Šarkić,,,G,True,,,,,,,,,,
867949,Wolves,18741,Conor Coady,,,D,True,,,,,,,,,,
867949,Wolves,195717,Yerson Mosquera,,,D,True,,,,,,,,,,
867949,Wolves,280687,Hugo Bueno,,,D,True,,,,,,,,,,
867949,Wolves,18739,Willy Boly,,,D,True,,,,,,,,,,
867949,Wolves,149564,Luke Cundle,,,M,True,,,,,,,,,,
867949,Wolves,61178,Connor Ronan,,,M,True,,,,,,,,,,
867949,Wolves,204033,Joe Hodge,,,M,True,,,,,,,,,,
867949,Wolves,158432,Chem Campbell,10.0,6.5,M,True,,,,,,,,,,1.0
867953,Everton,2932,Jordan Pickford,90.0,7.3,G,False,,,,,33.0,,16,,,
867953,Everton,138417,Nathan Patterson,90.0,6.7,D,False,,,,,30.0,,27,4.0,,7.0
867953,Everton,19073,Ben Godfrey,18.0,6.6,D,False,,,,,5.0,,4,1.0,,1.0
867953,Everton,2484,Yerry Mina,70.0,6.9,D,False,,,,,16.0,,14,1.0,1.0,3.0
867953,Everton,2936,James Tarkowski,90.0,7.5,D,False,2.0,2.0,,,36.0,1.0,29,,2.0,2.0
867953,Everton,2165,Vitaliy Mykolenko,90.0,6.9,D,False,1.0,,,,28.0,1.0,21,2.0,2.0,3.0
867953,Everton,18929,Dwight McNeil,61.0,7.3,M,False,,,,,21.0,1.0,15,4.0,,8.0
867953,Everton,18805,Abdoulaye Doucouré,90.0,7.3,M,False,2.0,1.0,,,36.0,,32,5.0,,7.0
867953,Everton,1455,Alex Iwobi,90.0,6.6,M,False,,,,,38.0,2.0,31,,2.0,1.0
867953,Everton,18781,Demarai Gray,90.0,6.2,M,False,,,,,23.0,1.0,11,1.0,,6.0
867953,Everton,138787,Anthony Gordon,90.0,6.5,F,False,1.0,,,,15.0,,10,2.0,,7.0
867953,Everton,18858,Asmir Begović,,,G,True,,,,,,,,,,
867953,Everton,2934,Michael Keane,,,D,True,,,,,,,,,,
867953,Everton,19150,Mason Holgate,72.0,7,D,True,1.0,1.0,,,26.0,,15,3.0,1.0,7.0
867953,Everton,3240,Jean-Philippe Gbamin,,,M,True,,,,,,,,,,
867953,Everton,18745,Rúben Vinagre,20.0,6.3,D,True,,,,,15.0,,11,1.0,,3.0
867953,Everton,284266,Lewis Warrington,,,M,True,,,,,,,,,,
867953,Everton,172,Dele Alli,29.0,6.2,M,True,,,,,13.0,,10,,,2.0
867953,Everton,284187,Stanley Mills,,,M,True,,,,,,,,,,
867953,Everton,326,Allan,,,M,True,,,,,,,,,,
867953,Chelsea,2986,Edouard Mendy,90.0,7.6,G,False,,,,,19.0,,18,,,2.0
867953,Chelsea,2280,César Azpilicueta,90.0,7.6,D,False,,,,,65.0,2.0,59,4.0,1.0,7.0
867953,Chelsea,259,Thiago Silva,90.0,7.5,D,False,,,,,76.0,,67,1.0,3.0,4.0
867953,Chelsea,318,Kalidou Koulibaly,75.0,7.2,D,False,1.0,1.0,,,58.0,,51,2.0,1.0,7.0
867953,Chelsea,19545,Reece James,90.0,7.7,M,False,1.0,,,,64.0,3.0,59,1.0,1.0,4.0
867953,Chelsea,2290,N'Golo Kanté,90.0,7.5,M,False,1.0,1.0,,,70.0,2.0,60,4.0,2.0,7.0
867953,Chelsea,2289,Jorginho,89.0,6.9,M,False,1.0,1.0,1.0,,72.0,1.0,60,,,2.0
867953,Chelsea,2933,Ben Chilwell,65.0,6.3,M,False,,,,,27.0,,23,,,3.0
867953,Chelsea,19220,Mason Mount,65.0,7.3,F,False,1.0,1.0,,,27.0,,25,,,
867953,Chelsea,645,Raheem Sterling,90.0,6.5,F,False,,,,,27.0,2.0,19,1.0,,7.0
867953,Chelsea,978,Kai Havertz,75.0,6.9,F,False,2.0,1.0,,,23.0,,19,2.0,,8.0
867953,Chelsea,2273,Kepa Arrizabalaga,,,G,True,,,,,,,,,,
867953,Chelsea,47380,Marc Cucurella,15.0,6.9,D,True,,,,,17.0,1.0,15,1.0,,2.0
867953,Chelsea,19720,Trevoh Chalobah,,,D,True,,,,,,,,,,
867953,Chelsea,2292,Ruben Loftus-Cheek,25.0,6.6,M,True,,,,,11.0,,8,2.0,,5.0
867953,Chelsea,67972,Conor Gallagher,1.0,,M,True,,,,,2.0,,2,,,1.0
867953,Chelsea,2291,Mateo Kovačić,,,M,True,,,,,,,,,,
867953,Chelsea,548,Hakim Ziyech,,,M,True,,,,,,,,,,
867953,Chelsea,17,Christian Pulišić,25.0,7,M,True,1.0,,,,4.0,,3,1.0,1.0,5.0
867953,Chelsea,138822,Armando Broja,15.0,7.2,F,True,1.0,1.0,,,4.0,,2,,,4.0
867954,Manchester United,882,David De Gea,90.0,6.2,G,False,,,,,26.0,,21,,,
867954,Manchester United,886,Diogo Dalot,90.0,6.7,D,False,2.0,2.0,,,48.0,2.0,37,1.0,3.0,5.0
867954,Manchester United,2935,Harry Maguire,90.0,7,D,False,,,,,72.0,,63,1.0,4.0,3.0
867954,Manchester United,2467,Lisandro Martínez,90.0,7.2,D,False,1.0,,,,80.0,,75,2.0,1.0,5.0
867954,Manchester United,891,Luke Shaw,89.0,7,D,False,1.0,1.0,,,59.0,2.0,47,3.0,2.0,5.0
867954,Manchester United,903,Scott McTominay,78.0,6.2,M,False,,,,,27.0,,18,,2.0,4.0
867954,Manchester United,905,Fred,53.0,6.2,M,False,1.0,,,,41.0,,33,,2.0,
867954,Manchester United,1485,Bruno Fernandes,89.0,7.3,M,False,1.0,,,,64.0,2.0,52,,,5.0
867954,Manchester United,18,Jadon Sancho,89.0,7,F,False,,,,,31.0,2.0,27,,,2.0
867954,Manchester United,174,Christian Eriksen,90.0,7.2,F,False,2.0,2.0,,,59.0,3.0,44,2.0,,3.0
867954,Manchester United,909,Marcus Rashford,90.0,6.3,F,False,2.0,,,,20.0,1.0,17,1.0,1.0,2.0
867954,Manchester United,2931,Tom Heaton,,,G,True,,,,,,,,,,
867954,Manchester United,37145,Tyrell Malacia,1.0,,D,True,,,,,1.0,,,2.0,,3.0
867954,Manchester United,742,Raphaël Varane,,,D,True,,,,,,,,,,
867954,Manchester United,18846,Aaron Wan-Bissaka,,,D,True,,,,,,,,,,
867954,Manchester United,547,Donny van de Beek,12.0,6.6,M,True,,,,,10.0,,9,,,2.0
867954,Manchester United,895,James Garner,,,M,True,,,,,,,,,,
867954,Manchester United,153430,Anthony Elanga,1.0,,F,True,,,,,1.0,,1,,,
867954,Manchester United,874,Cristiano Ronaldo,37.0,6.6,F,True,,,,,9.0,1.0,8,,,1.0
867954,Manchester United,284324,Alejandro Garnacho,1.0,,M,True,,,,,,,,,,
867954,Brighton,18959,Robert Sánchez,90.0,7.3,G,False,,,,,28.0,,8,,,
867954,Brighton,537,Joël Veltman,90.0,7,D,False,,,,,27.0,,18,2.0,3.0,3.0
867954,Brighton,18963,Lewis Dunk,90.0,6.7,D,False,1.0,,,,26.0,,14,,,1.0
867954,Brighton,19265,Adam Webster,90.0,6.9,D,False,1.0,1.0,,,32.0,,21,1.0,1.0,2.0
867954,Brighton,18970,Pascal Groß,90.0,8,M,False,2.0,2.0,2.0,,28.0,1.0,17,,,
867954,Brighton,6716,Alexis Mac Allister,90.0,6.3,M,False,1.0,,,,28.0,,25,1.0,2.0,1.0
867954,Brighton,116117,Moisés Caicedo,90.0,7.3,M,False,,,,,34.0,3.0,28,4.0,3.0,8.0
867954,Brighton,18973,Solly March,89.0,6.6,F,False,1.0,1.0,,,28.0,,20,,,2.0
867954,Brighton,295,Adam Lallana,76.0,7.2,M,False,,,,,37.0,3.0,32,2.0,1.0,5.0
867954,Brighton,1946,Leandro Trossard,75.0,7.2,F,False,1.0,,,,19.0,3.0,13,,1.0,2.0
867954,Brighton,1469,Danny Welbeck,89.0,7.9,F,False,3.0,,,1.0,24.0,3.0,20,3.0,1.0,9.0
867954,Brighton,18960,Jason Steele,,,G,True,,,,,,,,,,
867954,Brighton,152953,Levi Colwill,1.0,,D,True,,,,,1.0,,1,,,
867954,Brighton,38695,Jan Paul van Hecke,,,D,True,,,,,,,,,,
867954,Brighton,138815,Tariq Lamptey,15.0,6.7,D,True,,,,,5.0,,4,,,2.0
867954,Brighton,1093,Enock Mwepu,14.0,6.6,M,True,,,,,9.0,1.0,8,1.0,,1.0
867954,Brighton,106835,Kaoru Mitoma,,,M,True,,,,,,,,,,
867954,Brighton,26475,Deniz Undav,1.0,,F,True,,,,,,,,,,
867954,Brighton,202086,Jeremy Sarmiento,,,F,True,,,,,,,,,,
867954,Brighton,19364,Neal Maupay,,,F,True,,,,,,,,,,
867950,Leicester,18146,Danny Ward,90.0,6.3,G,False,,,,,21.0,,12,,,
867950,Leicester,22094,Wesley Fofana,90.0,7,D,False,1.0,,,,86.0,,73,2.0,5.0,5.0
867950,Leicester,18772,Jonny Evans,90.0,6.3,D,False,,,,,63.0,,61,,,1.0
867950,Leicester,3421,Daniel Amartey,90.0,6.6,D,False,1.0,,,,70.0,1.0,69,1.0,,1.0
867950,Leicester,2920,Timothy Castagne,90.0,7.2,M,False,1.0,1.0,1.0,,42.0,1.0,35,,1.0,4.0
867950,Leicester,2926,Youri Tielemans,90.0,7.7,M,False,4.0,2.0,,,73.0,1.0,66,2.0,,9.0
867950,Leicester,18786,Wilfred Ndidi,90.0,6.9,M,False,,,,,77.0,,68,2.0,1.0,3.0
867950,Leicester,148099,Kiernan Dewsbury-Hall,73.0,7.5,M,False,1.0,1.0,1.0,,44.0,1.0,40,1.0,2.0,3.0
867950,Leicester,19760,James Justin,90.0,6.9,M,False,,,,,25.0,1.0,23,3.0,1.0,6.0
867950,Leicester,18784,James Maddison,90.0,7.6,F,False,3.0,1.0,,1.0,64.0,5.0,54,,,2.0
867950,Leicester,18788,Jamie Vardy,90.0,6.9,F,False,,,,1.0,11.0,1.0,8,2.0,,3.0
867950,Leicester,17736,Daniel Iversen,,,G,True,,,,,,,,,,
867950,Leicester,152969,Luke Thomas,,,D,True,,,,,,,,,,
867950,Leicester,18776,Çağlar Söyüncü,,,D,True,,,,,,,,,,
867950,Leicester,18777,Marc Albrighton,,,M,True,,,,,,,,,,
867950,Leicester,18785,Nampalys Mendy,,,M,True,,,,,,,,,,
867950,Leicester,18906,Ayoze Pérez,,,F,True,,,,,,,,,,
867950,Leicester,1098,Patson Daka,17.0,6.7,F,True,,,,,4.0,,1,,,1.0
867950,Leicester,2925,Dennis Praet,,,M,True,,,,,,,,,,
867950,Leicester,2778,Kelechi Iheanacho,,,F,True,,,,,,,,,,
867950,Brentford,19465,David Raya,90.0,6.3,G,False,,,,,30.0,,22,,,
867950,Brentford,44871,Aaron Hickey,83.0,6,D,False,,,,,43.0,,37,,1.0,1.0
867950,Brentford,19124,Pontus Jansson,90.0,6.9,D,False,,,,,60.0,,56,1.0,,2.0
867950,Brentford,18917,Ben Mee,59.0,6.3,D,False,,,,,65.0,,55,,1.0,2.0
867950,Brentford,19346,Rico Henry,90.0,6.9,D,False,,,,1.0,37.0,1.0,27,,,3.0
867950,Brentford,25073,Vitaly Janelt,90.0,7,M,False,,,,,49.0,2.0,45,3.0,,6.0
867950,Brentford,30407,Christian Nørgaard,73.0,6.9,M,False,,,,,40.0,,36,2.0,1.0,3.0
867950,Brentford,47438,Mathias Jensen,59.0,6.6,M,False,,,,,37.0,1.0,34,2.0,,3.0
867950,Brentford,20589,Bryan Mbeumo,90.0,7.2,F,False,2.0,1.0,,,24.0,1.0,19,1.0,2.0,4.0
867950,Brentford,19974,Ivan Toney,90.0,6.9,F,False,2.0,1.0,1.0,,26.0,2.0,17,,1.0,4.0
867950,Brentford,20649,Yoane Wissa,83.0,6.6,F,False,2.0,,,,13.0,,10,1.0,1.0,2.0
867950,Brentford,1835,Thomas Strakosha,,,G,True,,,,,,,,,,
867950,Brentford,276263,Finley Stevens,,,D,True,,,,,,,,,,
867950,Brentford,19345,Mads Bech Sørensen,10.0,6.6,D,True,,,,,5.0,,4,,1.0,1.0
867950,Brentford,15799,Frank Onyeka,,,M,True,,,,,,,,,,
867950,Brentford,15745,Mads Roerslev Rasmussen,,,D,True,,,,,,,,,,
867950,Brentford,19362,Joshua Dasilva,31.0,7.5,M,True,1.0,1.0,1.0,,17.0,,16,,,1.0
867950,Brentford,106725,Keane Lewis-Potter,31.0,6.7,F,True,,,,,6.0,,3,,,
867950,Brentford,20110,Shandon Baptiste,17.0,6.6,M,True,,,,,5.0,,5,1.0,,3.0
867950,Brentford,37440,Halil Dervişoğlu,10.0,6.5,F,True,,,,,,,,,,
867955,West Ham,2997,Łukasz Fabiański,29.0,6.6,G,False,,,,,6.0,,2,,,
867955,West Ham,1231,Vladimír Coufal,90.0,6.7,D,False,,,,,18.0,1.0,12,4.0,3.0,5.0
867955,West Ham,18823,Ben Johnson,90.0,6.6,D,False,,,,,35.0,,28,,,1.0
867955,West Ham,2726,Kurt Zouma,90.0,6.7,D,False,,,,,32.0,,28,1.0,1.0,3.0
867955,West Ham,18813,Aaron Cresswell,90.0,6.6,D,False,,,,,22.0,1.0,17,1.0,2.0,2.0
867955,West Ham,1243,Tomáš Souček,90.0,6.2,M,False,,,,,23.0,,16,1.0,1.0,2.0
867955,West Ham,2937,Declan Rice,90.0,7.2,M,False,1.0,,,,37.0,,33,7.0,,7.0
867955,West Ham,19428,Jarrod Bowen,89.0,5.9,M,False,,,,,10.0,,5,,2.0,2.0
867955,West Ham,2473,Manuel Lanzini,57.0,6.5,M,False,,,,,16.0,,14,,,
867955,West Ham,1697,Pablo Fornals,89.0,6.2,M,False,,,,,20.0,2.0,17,,2.0,1.0
867955,West Ham,18819,Michail Antonio,57.0,6.7,F,False,1.0,,,,4.0,,2,,,3.0
867955,West Ham,19229,Darren Randolph,,,G,True,,,,,,,,,,
867955,West Ham,253,Alphonse Aréola,61.0,5.6,G,True,,,,,27.0,,19,,,
867955,West Ham,171058,Harrison Ashby,,,D,True,,,,,,,,,,
867955,West Ham,842,Nikola Vlašić,,,M,True,,,,,,,,,,
867955,West Ham,19733,Flynn Downes,1.0,,M,True,,,,,,,,,,
867955,West Ham,18820,Conor Coventry,1.0,,M,True,,,,,,,,,,
867955,West Ham,19361,Saïd Benrahma,33.0,6.3,F,True,1.0,1.0,,,7.0,,7,,,
867955,West Ham,30544,Gianluca Scamacca,33.0,6.7,F,True,,,,,6.0,,6,,,3.0
867955,West Ham,1131,Armstrong Oko-Flex,,,F,True,,,,,,,,,,
867955,Manchester City,617,Ederson,90.0,7.2,G,False,,,,,38.0,,34,,,1.0
867955,Manchester City,627,Kyle Walker,90.0,7,D,False,,,,,88.0,,82,,,2.0
867955,Manchester City,567,Rúben Dias,90.0,7.2,D,False,,,,,95.0,,94,,,3.0
867955,Manchester City,18861,Nathan Aké,90.0,7.7,D,False,1.0,,,,106.0,,99,1.0,1.0,4.0
867955,Manchester City,855,João Cancelo,90.0,7.7,D,False,1.0,,,,111.0,1.0,106,1.0,1.0,7.0
867955,Manchester City,629,Kevin De Bruyne,88.0,7.2,M,False,1.0,,,1.0,60.0,3.0,49,,,
867955,Manchester City,44,Rodri,89.0,7.5,M,False,1.0,,,,101.0,,95,1.0,1.0,7.0
867955,Manchester City,633,İlkay Gündoğan,78.0,7,M,False,1.0,,,,62.0,2.0,57,,,1.0
867955,Manchester City,631,Phil Foden,88.0,7.2,F,False,,,,,51.0,2.0,48,1.0,,7.0
867955,Manchester City,1100,Erling Haaland,78.0,7.6,F,False,4.0,2.0,2.0,,23.0,,21,,,1.0
867955,Manchester City,19187,Jack Grealish,90.0,7.3,F,False,1.0,,,,65.0,2.0,60,,,4.0
867955,Manchester City,25004,Stefan Ortega,,,G,True,,,,,,,,,,
867955,Manchester City,278128,Josh Wilson-Esbrand,,,D,True,,,,,,,,,,
867955,Manchester City,284230,Rico Lewis,,,D,True,,,,,,,,,,
867955,Manchester City,626,John Stones,,,D,True,,,,,,,,,,
867955,Manchester City,19130,Kalvin Phillips,1.0,,M,True,,,,,8.0,,6,,,
867955,Manchester City,636,Bernardo Silva,12.0,6.9,M,True,,,,,16.0,,14,2.0,,2.0
867955,Manchester City,152982,Cole Palmer,2.0,,M,True,,,,,1.0,,1,,,
867955,Manchester City,6009,Julián Álvarez,12.0,6.3,F,True,,,,,6.0,,6,,,
867955,Manchester City,635,Riyad Mahrez,2.0,,F,True,,,,,2.0,1.0,2,,,
867957,Aston Villa,19599,Emiliano Martínez,90.0,7,G,False,,,,,14.0,,10,,,
867957,Aston Villa,19298,Matty Cash,89.0,7.3,D,False,,,,,35.0,,28,3.0,2.0,4.0
867957,Aston Villa,21090,Diego Carlos,89.0,6.6,D,False,2.0,,,,53.0,,44,,1.0,3.0
867957,Aston Villa,19179,Tyrone Mings,90.0,6.9,D,False,,,,,59.0,,52,,2.0,3.0
867957,Aston Villa,2724,Lucas Digne,90.0,6.2,D,False,1.0,,,,63.0,,52,2.0,2.0,4.0
867957,Aston Villa,19191,John McGinn,90.0,8.2,M,False,1.0,,,,47.0,2.0,41,4.0,2.0,10.0
867957,Aston Villa,1904,Boubacar Kamara,90.0,7,M,False,,,,,76.0,,62,2.0,2.0,5.0
867957,Aston Villa,19192,Jacob Ramsey,89.0,6.7,M,False,,,,,62.0,1.0,59,1.0,3.0,4.0
867957,Aston Villa,147,Philippe Coutinho,60.0,6.5,M,False,,,,,37.0,,30,1.0,,1.0
867957,Aston Villa,19366,Ollie Watkins,90.0,7.5,F,False,1.0,1.0,,2.0,23.0,2.0,19,1.0,,4.0
867957,Aston Villa,18955,Danny Ings,78.0,7.2,F,False,1.0,1.0,1.0,,19.0,,14,,,2.0
867957,Aston Villa,766,Robin Olsen,,,G,True,,,,,,,,,,
867957,Aston Villa,19016,Calum Chambers,1.0,,D,True,,,,,,,,,,
867957,Aston Villa,2852,Ludwig Augustinsson,,,D,True,,,,,,,,,,
867957,Aston Villa,894,Ashley Young,1.0,,D,True,,,,,,,,,,
867957,Aston Villa,19354,Ezri Konsa,1.0,,D,True,,,,,1.0,,,,,
867957,Aston Villa,19071,Emiliano Buendía,30.0,7.9,M,True,2.0,2.0,1.0,,25.0,3.0,21,1.0,,1.0
867957,Aston Villa,47522,Douglas Luiz,,,M,True,,,,,,,,,,
867957,Aston Villa,137302,Cameron Archer,,,F,True,,,,,,,,,,
867957,Aston Villa,983,Leon Bailey,12.0,6.6,F,True,,,,,3.0,1.0,3,,,
867957,Everton,2932,Jordan Pickford,90.0,6.5,G,False,,,,,28.0,,17,,1.0,
867957,Everton,19150,Mason Holgate,90.0,7.2,D,False,,,,,37.0,1.0,28,4.0,2.0,6.0
867957,Everton,18741,Conor Coady,81.0,6.9,D,False,,,,,53.0,,45,1.0,,2.0
867957,Everton,2936,James Tarkowski,90.0,6.9,D,False,,,,,49.0,2.0,41,2.0,1.0,5.0
867957,Everton,138417,Nathan Patterson,90.0,7,M,False,,,,,16.0,,7,1.0,1.0,6.0
867957,Everton,18805,Abdoulaye Doucouré,35.0,6.2,M,False,,,,,11.0,,8,,,1.0
867957,Everton,1455,Alex Iwobi,90.0,7.2,M,False,,,,,48.0,2.0,39,4.0,,4.0
867957,Everton,2165,Vitaliy Mykolenko,90.0,7.2,M,False,,,,,43.0,2.0,29,,2.0,
867957,Everton,18929,Dwight McNeil,64.0,6.6,F,False,1.0,,,,17.0,1.0,13,1.0,1.0,2.0
867957,Everton,138787,Anthony Gordon,90.0,6.9,F,False,2.0,2.0,,,15.0,,10,1.0,,3.0
867957,Everton,18781,Demarai Gray,81.0,6.3,F,False,1.0,1.0,,,19.0,1.0,19,,,5.0
867957,Everton,18858,Asmir Begović,,,G,True,,,,,,,,,,
867957,Everton,18758,Séamus Coleman,,,D,True,,,,,,,,,,
867957,Everton,2934,Michael Keane,,,D,True,,,,,,,,,,
867957,Everton,162714,Amadou Onana,9.0,6.6,M,True,,,,,6.0,,4,,,1.0
867957,Everton,284187,Stanley Mills,,,M,True,,,,,,,,,,
867957,Everton,172,Dele Alli,9.0,6.5,M,True,,,,,2.0,,2,,,
867957,Everton,18762,Tom Davies,55.0,6.7,M,True,1.0,,,,27.0,,24,2.0,,4.0
867957,Everton,18745,Rúben Vinagre,,,D,True,,,,,,,,,,
867957,Everton,2461,Salomón Rondón,26.0,6.5,F,True,1.0,1.0,,,7.0,1.0,5,,,2.0
867965,Wolves,1590,José Sá,90.0,7.9,G,False,,,,,31.0,,24,,,
867965,Wolves,18740,Jonny Otto,78.0,7.2,D,False,,,,,43.0,,33,4.0,,9.0
867965,Wolves,19495,Nathan Collins,90.0,7.2,D,False,,,,,83.0,,77,1.0,2.0,4.0
867965,Wolves,18744,Max Kilman,90.0,7.2,D,False,,,,,90.0,,77,,,5.0
867965,Wolves,21138,Rayan Aït Nouri,90.0,7.2,D,False,,,,,39.0,1.0,24,4.0,,6.0
867965,Wolves,2676,Rúben Neves,90.0,7.2,M,False,2.0,,,,54.0,,36,4.0,2.0,6.0
867965,Wolves,2922,Leander Dendoncker,90.0,6.9,M,False,,,,,40.0,,34,1.0,4.0,1.0
867965,Wolves,18746,Morgan Gibbs-White,90.0,6.2,M,False,1.0,,,,40.0,,35,1.0,,5.0
867965,Wolves,1605,Daniel Podence,90.0,5.9,M,False,1.0,,,,30.0,1.0,15,,,1.0
867965,Wolves,1864,Pedro Neto,79.0,6.9,M,False,,,,,17.0,1.0,16,1.0,,5.0
867965,Wolves,24888,Hee-Chan Hwang,58.0,6.9,F,False,2.0,1.0,,,11.0,,9,2.0,,4.0
867965,Wolves,19173,Matija Šarkić,,,G,True,,,,,,,,,,
867965,Wolves,41606,Toti Gomes,,,D,True,,,,,,,,,,
867965,Wolves,18739,Willy Boly,,,D,True,,,,,,,,,,
867965,Wolves,61178,Connor Ronan,,,M,True,,,,,,,,,,
867965,Wolves,130,Nélson Semedo,12.0,6.7,D,True,,,,,6.0,,2,,,1.0
867965,Wolves,149564,Luke Cundle,,,M,True,,,,,,,,,,
867965,Wolves,158432,Chem Campbell,,,M,True,,,,,,,,,,
867965,Wolves,925,Gonçalo Guedes,32.0,6.7,F,True,,,,,8.0,,6,,,2.0
867965,Wolves,18753,Adama Traoré,11.0,6.5,F,True,,,,,4.0,,4,,,
867965,Fulham,19657,Marek Rodák,90.0,7,G,False,,,,,27.0,,14,,,
867965,Fulham,657,Kenny Tete,89.0,6.5,D,False,,,,,32.0,,19,2.0,2.0,3.0
867965,Fulham,19145,Tosin Adarabioyo,90.0,6.9,D,False,,,,,35.0,,31,,1.0,1.0
867965,Fulham,19023,Tim Ream,90.0,7.7,D,False,,,,,47.0,,41,3.0,3.0,4.0
867965,Fulham,19549,Antonee Robinson,90.0,7.5,D,False,1.0,,,,31.0,1.0,21,4.0,1.0,6.0
867965,Fulham,19480,Harrison Reed,90.0,6.6,M,False,,,,,30.0,2.0,19,1.0,1.0,6.0
867965,Fulham,41104,João Palhinha,90.0,6.6,M,False,,,,,33.0,,27,3.0,,5.0
867965,Fulham,19004,Bobby Reid,89.0,6.9,M,False,1.0,1.0,,,30.0,,22,1.0,1.0,3.0
867965,Fulham,899,Andreas Pereira,86.0,6.5,M,False,,,,,20.0,2.0,10,,,
867965,Fulham,19027,Neeskens Kebano,83.0,7.2,M,False,2.0,1.0,,,17.0,,13,2.0,,5.0
867965,Fulham,2825,Aleksandar Mitrović,90.0,6.9,F,False,4.0,1.0,,,19.0,1.0,13,2.0,,8.0
867965,Fulham,1438,Bernd Leno,,,G,True,,,,,,,,,,
867965,Fulham,946,Kevin Mbabu,1.0,,D,True,,,,,,,,,,
867965,Fulham,18962,Shane Duffy,,,D,True,,,,,,,,,,
867965,Fulham,18814,Issa Diop,,,D,True,,,,,,,,,,
867965,Fulham,19025,Tom Cairney,14.0,6.9,M,True,,,,,2.0,,2,1.0,,2.0
867965,Fulham,129707,Tyrese Francois,8.0,6.3,M,True,,,,,2.0,,2,,,
867965,Fulham,18803,Nathaniel Chalobah,,,M,True,,,,,,,,,,
867965,Fulham,195106,Rodrigo Muniz,,,F,True,,,,,,,,,,
867965,Fulham,191971,Jay Stansfield,17.0,6.5,F,True,,,,,3.0,,1,,,
867964,Southampton,105971,Gavin Bazunu,90.0,6.9,G,False,,,,,26.0,,13,,,
867964,Southampton,25061,Armel Bella-Kotchap,90.0,6.6,D,False,1.0,,,,30.0,,19,,4.0,6.0
867964,Southampton,2999,Jan Bednarek,70.0,7,D,False,1.0,,,,32.0,,25,2.0,1.0,2.0
867964,Southampton,47480,Mohammed Salisu,90.0,6.6,D,False,,,,,60.0,,42,4.0,1.0,9.0
867964,Southampton,171,Kyle Walker-Peters,90.0,6.7,M,False,1.0,1.0,1.0,,19.0,1.0,15,1.0,,5.0
867964,Southampton,2938,James Ward-Prowse,90.0,7.2,M,False,1.0,,,,40.0,,31,4.0,,10.0
867964,Southampton,282125,Roméo Lavia,90.0,6.7,M,False,,,,,27.0,1.0,22,,4.0,3.0
867964,Southampton,2114,Moussa Djenepo,89.0,7.2,M,False,,,,,33.0,2.0,23,1.0,3.0,10.0
867964,Southampton,18945,Stuart Armstrong,62.0,6.5,F,False,1.0,,,,12.0,1.0,10,,,1.0
867964,Southampton,18946,Mohamed Elyounoussi,61.0,6.9,F,False,2.0,,,,15.0,,8,,1.0,3.0
867964,Southampton,19524,Che Adams,90.0,6.6,F,False,1.0,,,,13.0,1.0,7,2.0,,7.0
867964,Southampton,18935,Alex McCarthy,,,G,True,,,,,,,,,,
867964,Southampton,18942,Yan Valery,,,D,True,,,,,,,,,,
867964,Southampton,18940,Jack Stephens,1.0,,D,True,,,,,1.0,,,1.0,,1.0
867964,Southampton,30476,Lyanco,,,D,True,,,,,,,,,,
867964,Southampton,19825,Joe Aribo,28.0,7.3,M,True,2.0,2.0,1.0,,10.0,,7,1.0,,2.0
867964,Southampton,18949,Oriol Romeu,,,M,True,,,,,,,,,,
867964,Southampton,20557,Ibrahima Diallo,,,M,True,,,,,,,,,,
867964,Southampton,19484,Adam Armstrong,29.0,6.9,F,True,,,,1.0,12.0,1.0,8,,,
867964,Southampton,190686,Sékou Mara,20.0,7.3,F,True,1.0,1.0,,1.0,2.0,1.0,2,1.0,,3.0
867964,Leeds,20619,Illan Meslier,90.0,6.5,G,False,,,,,23.0,,12,,,
867964,Leeds,533,Rasmus Kristensen,90.0,6.2,D,False,1.0,1.0,,,47.0,,25,1.0,2.0,2.0
867964,Leeds,26238,Robin Koch,90.0,6.6,D,False,,,,,64.0,,47,,1.0,4.0
867964,Leeds,47302,Diego Llorente,90.0,6.9,D,False,1.0,,,,42.0,,34,1.0,3.0,6.0
867964,Leeds,64003,Pascal Struijk,90.0,7.7,D,False,,,,1.0,38.0,1.0,26,6.0,2.0,13.0
867964,Leeds,47341,Marc Roca,88.0,7,M,False,,,,,60.0,1.0,51,4.0,1.0,5.0
867964,Leeds,1150,Tyler Adams,90.0,6.7,M,False,,,,,53.0,,38,5.0,1.0,6.0
867964,Leeds,50739,Brenden Aaronson,90.0,6.5,M,False,1.0,,,,41.0,2.0,28,3.0,,10.0
867964,Leeds,935,Rodrigo,90.0,8.3,M,False,4.0,3.0,2.0,,31.0,3.0,25,,,4.0
867964,Leeds,19128,Jack Harrison,84.0,7.3,M,False,,,,1.0,28.0,4.0,26,4.0,,7.0
867964,Leeds,19134,Patrick Bamford,28.0,6.7,F,False,1.0,,,,1.0,,1,,,
867964,Leeds,39105,Kristoffer Klaesson,,,G,True,,,,,,,,,,
867964,Leeds,297187,Leo Fuhr Hjelde,,,D,True,,,,,,,,,,
867964,Leeds,153411,Cody Drameh,,,D,True,,,,,,,,,,
867964,Leeds,37161,Luis Sinisterra,13.0,6.7,F,True,,,,,7.0,,6,,,2.0
867964,Leeds,3008,Mateusz Klich,13.0,6.9,M,True,,,,,5.0,2.0,4,1.0,,2.0
867964,Leeds,19127,Adam Forshaw,9.0,6.2,M,True,,,,,4.0,,4,,,
867964,Leeds,37724,Crysencio Summerville,,,M,True,,,,,,,,,,
867964,Leeds,19329,Daniel James,56.0,6.5,M,True,1.0,1.0,,,10.0,,9,2.0,,4.0
867964,Leeds,153400,Sam Greenwood,,,F,True,,,,,,,,,,
867956,Arsenal,20355,Aaron Ramsdale,90.0,6.3,G,False,,,,,23.0,,14,,,
867956,Arsenal,19959,Benjamin White,75.0,6.5,D,False,,,,,35.0,,27,,1.0,3.0
867956,Arsenal,22090,William Saliba,90.0,6.5,D,False,,,,,53.0,,46,,2.0,3.0
867956,Arsenal,22224,Gabriel Magalhães,90.0,6.7,D,False,1.0,,,,55.0,,49,3.0,,6.0
867956,Arsenal,641,Oleksandr Zinchenko,77.0,6.6,D,False,1.0,,,,56.0,,54,1.0,2.0,3.0
867956,Arsenal,49,Thomas Partey,90.0,6.9,M,False,1.0,,,,45.0,,31,1.0,2.0,6.0
867956,Arsenal,1464,Granit Xhaka,90.0,7.6,M,False,2.0,1.0,1.0,1.0,43.0,2.0,38,,,3.0
867956,Arsenal,1460,Bukayo Saka,84.0,7.3,M,False,1.0,1.0,,,31.0,3.0,25,1.0,,4.0
867956,Arsenal,37127,Martin Ødegaard,90.0,6.9,M,False,,,,,44.0,1.0,39,1.0,,4.0
867956,Arsenal,127769,Gabriel Martinelli,90.0,7.9,M,False,1.0,1.0,1.0,,25.0,4.0,23,,1.0,4.0
867956,Arsenal,643,Gabriel Jesus,84.0,8.9,F,False,7.0,3.0,2.0,2.0,29.0,3.0,22,,,8.0
867956,Arsenal,50999,Matt Turner,,,G,True,,,,,,,,,,
867956,Arsenal,2597,Takehiro Tomiyasu,15.0,6.3,D,True,,,,,8.0,,7,,,
867956,Arsenal,1440,Rob Holding,,,D,True,,,,,,,,,,
867956,Arsenal,1117,Kieran Tierney,13.0,6.5,D,True,,,,,11.0,,7,,,
867956,Arsenal,1161,Emile Smith Rowe,13.0,6.9,M,True,,,,,2.0,1.0,2,1.0,,2.0
867956,Arsenal,1452,Mohamed Elneny,,,M,True,,,,,,,,,,
867956,Arsenal,1427,Albert Sambi Lokonga,,,M,True,,,,,,,,,,
867956,Arsenal,3246,Nicolas Pépé,,,F,True,,,,,,,,,,
867956,Arsenal,1468,Edward Nketiah,13.0,6.6,F,True,1.0,1.0,,,2.0,,2,,,1.0
867956,Leicester,18146,Danny Ward,90.0,5.7,G,False,,,,,39.0,,26,,,1.0
867956,Leicester,22094,Wesley Fofana,90.0,6.2,D,False,1.0,1.0,,,53.0,,44,2.0,4.0,8.0
867956,Leicester,18772,Jonny Evans,90.0,5.9,D,False,,,,,62.0,,56,1.0,,1.0
867956,Leicester,3421,Daniel Amartey,63.0,6.5,D,False,,,,,57.0,,50,1.0,,4.0
867956,Leicester,2920,Timothy Castagne,90.0,6.5,M,False,,,,,44.0,,36,1.0,1.0,1.0
867956,Leicester,2926,Youri Tielemans,63.0,6.5,M,False,,,,,29.0,,23,,,1.0
867956,Leicester,18786,Wilfred Ndidi,90.0,6.7,M,False,,,,,37.0,,32,3.0,,5.0
867956,Leicester,148099,Kiernan Dewsbury-Hall,90.0,6.2,M,False,1.0,,,,46.0,,32,,2.0,4.0
867956,Leicester,19760,James Justin,90.0,6.9,M,False,,,,,31.0,,23,,,6.0
867956,Leicester,18784,James Maddison,90.0,7.6,F,False,2.0,1.0,1.0,,38.0,1.0,31,1.0,,6.0
867956,Leicester,18788,Jamie Vardy,70.0,6.9,F,False,,,,,12.0,1.0,11,2.0,,4.0
867956,Leicester,17736,Daniel Iversen,,,G,True,,,,,,,,,,
867956,Leicester,18776,Çağlar Söyüncü,,,D,True,,,,,,,,,,
867956,Leicester,152969,Luke Thomas,,,D,True,,,,,,,,,,
867956,Leicester,18906,Ayoze Pérez,,,F,True,,,,,,,,,,
867956,Leicester,18777,Marc Albrighton,,,M,True,,,,,,,,,,
867956,Leicester,18785,Nampalys Mendy,,,M,True,,,,,,,,,,
867956,Leicester,2778,Kelechi Iheanacho,20.0,7,F,True,1.0,,,1.0,3.0,3.0,3,,,
867956,Leicester,1098,Patson Daka,27.0,6.7,F,True,,,,,6.0,,3,1.0,1.0,3.0
867956,Leicester,2925,Dennis Praet,27.0,6.5,M,True,,,,,15.0,,13,,,
867962,Manchester City,617,Ederson,90.0,7.3,G,False,,,,,13.0,,12,,,
867962,Manchester City,627,Kyle Walker,82.0,7,D,False,,,,,80.0,1.0,75,,1.0,1.0
867962,Manchester City,567,Rúben Dias,64.0,6.9,D,False,,,,,62.0,,56,,2.0,2.0
867962,Manchester City,18861,Nathan Aké,90.0,6.9,D,False,,,,,89.0,,86,1.0,,1.0
867962,Manchester City,855,João Cancelo,90.0,7.3,D,False,,,,,93.0,1.0,84,2.0,,7.0
867962,Manchester City,44,Rodri,90.0,7.3,M,False,2.0,,,,98.0,,92,,,2.0
867962,Manchester City,633,İlkay Gündoğan,65.0,7.7,M,False,2.0,1.0,1.0,,38.0,3.0,34,2.0,,6.0
867962,Manchester City,635,Riyad Mahrez,90.0,7.6,M,False,2.0,1.0,,,70.0,2.0,65,1.0,,3.0
867962,Manchester City,629,Kevin De Bruyne,90.0,9.3,M,False,3.0,2.0,1.0,1.0,47.0,5.0,46,,,5.0
867962,Manchester City,631,Phil Foden,45.0,8,M,False,2.0,2.0,1.0,1.0,29.0,2.0,26,1.0,1.0,1.0
867962,Manchester City,1100,Erling Haaland,74.0,7.2,F,False,2.0,1.0,,1.0,2.0,1.0,2,,,
867962,Manchester City,25004,Stefan Ortega,,,G,True,,,,,,,,,,
867962,Manchester City,626,John Stones,26.0,6.7,D,True,,,,,19.0,,19,,,
867962,Manchester City,278129,Luke Mbete,,,D,True,,,,,,,,,,
867962,Manchester City,278128,Josh Wilson-Esbrand,,,D,True,,,,,,,,,,
867962,Manchester City,284230,Rico Lewis,8.0,6.7,D,True,,,,,12.0,,12,,,
867962,Manchester City,636,Bernardo Silva,25.0,6.6,M,True,,,,,14.0,,13,1.0,1.0,2.0
867962,Manchester City,19187,Jack Grealish,45.0,7.2,M,True,,,,,27.0,2.0,25,,,4.0
867962,Manchester City,6009,Julián Álvarez,16.0,6.5,F,True,,,,,3.0,,2,,,
867962,Manchester City,161948,Liam Delap,,,F,True,,,,,,,,,,
867962,Bournemouth,18860,Mark Travers,90.0,6.5,G,False,,,,,32.0,,26,,,
867962,Bournemouth,18866,Chris Mepham,90.0,5.9,D,False,,,,,40.0,,33,1.0,2.0,1.0
867962,Bournemouth,2490,Jefferson Lerma,90.0,6,D,False,,,,,51.0,,48,2.0,,5.0
867962,Bournemouth,19263,Lloyd Kelly,90.0,6.5,D,False,,,,,38.0,,33,,3.0,1.0
867962,Bournemouth,18869,Adam Smith,90.0,6.2,M,False,,,,,29.0,,18,3.0,,3.0
867962,Bournemouth,18872,Lewis Cook,63.0,6.2,M,False,,,,,21.0,,17,1.0,,2.0
867962,Bournemouth,19454,Ben Pearson,90.0,6.6,M,False,1.0,1.0,,,36.0,,34,2.0,,3.0
867962,Bournemouth,19769,Jack Stacey,90.0,6,M,False,,,,,20.0,,13,,1.0,
867962,Bournemouth,19245,Marcus Tavernier,80.0,6.3,F,False,,,,,19.0,,19,,,4.0
867962,Bournemouth,1125,Ryan Christie,63.0,6.9,F,False,,,,,14.0,,10,1.0,,6.0
867962,Bournemouth,19804,Kieffer Moore,89.0,6.6,F,False,,,,,25.0,1.0,15,,,5.0
867962,Bournemouth,912,Neto,,,G,True,,,,,,,,,,
867962,Bournemouth,6610,Marcos Senesi,10.0,6.3,D,True,,,,,10.0,,9,,,
867962,Bournemouth,20093,James Hill,,,D,True,,,,,,,,,,
867962,Bournemouth,19356,Emiliano Marcondes,,,M,True,,,,,,,,,,
867962,Bournemouth,18878,Junior Stanislas,27.0,6.5,M,True,1.0,,,,8.0,,5,,,
867962,Bournemouth,2734,Philip Billing,27.0,6.7,M,True,,,,,10.0,1.0,8,,,2.0
867962,Bournemouth,196855,Jaidon Anthony,,,F,True,,,,,,,,,,
867962,Bournemouth,19964,Siriki Dembélé,,,M,True,,,,,,,,,,
867962,Bournemouth,19866,Jamal Lowe,1.0,,F,True,,,,,,,,,,
867959,Brighton,18959,Robert Sánchez,90.0,7.2,G,False,,,,,22.0,,10,,,
867959,Brighton,537,Joël Veltman,90.0,7.2,D,False,1.0,1.0,,,40.0,,34,2.0,1.0,4.0
867959,Brighton,18963,Lewis Dunk,90.0,7.3,D,False,,,,,32.0,,26,,2.0,4.0
867959,Brighton,19265,Adam Webster,90.0,6.9,D,False,,,,,28.0,,21,1.0,,6.0
867959,Brighton,18973,Solly March,74.0,7,M,False,2.0,2.0,,,33.0,2.0,19,,2.0,3.0
867959,Brighton,6716,Alexis Mac Allister,90.0,7.5,M,False,2.0,,,,53.0,,46,7.0,,8.0
867959,Brighton,116117,Moisés Caicedo,90.0,6.6,M,False,1.0,1.0,,,42.0,1.0,33,4.0,2.0,4.0
867959,Brighton,1946,Leandro Trossard,75.0,6.6,M,False,1.0,1.0,,,30.0,,20,,,2.0
867959,Brighton,295,Adam Lallana,65.0,6.5,F,False,2.0,2.0,,,26.0,,22,1.0,1.0,1.0
867959,Brighton,18970,Pascal Groß,90.0,6.9,F,False,1.0,,,,38.0,4.0,30,,,2.0
867959,Brighton,1469,Danny Welbeck,90.0,6.6,F,False,,,,,9.0,1.0,8,1.0,,5.0
867959,Brighton,18960,Jason Steele,,,G,True,,,,,,,,,,
867959,Brighton,38695,Jan Paul van Hecke,,,D,True,,,,,,,,,,
867959,Brighton,152953,Levi Colwill,,,D,True,,,,,,,,,,
867959,Brighton,138815,Tariq Lamptey,15.0,6.2,D,True,,,,,3.0,,3,,,
867959,Brighton,106835,Kaoru Mitoma,16.0,7.3,M,True,,,,,7.0,1.0,5,1.0,,3.0
867959,Brighton,1093,Enock Mwepu,25.0,6.9,M,True,,,,,11.0,1.0,9,1.0,,1.0
867959,Brighton,17715,Steven Alzate,,,M,True,,,,,,,,,,
867959,Brighton,26475,Deniz Undav,,,F,True,,,,,,,,,,
867959,Brighton,202086,Jeremy Sarmiento,,,F,True,,,,,,,,,,
867959,Newcastle,18911,Nick Pope,90.0,8.3,G,False,,,,,21.0,,8,,,
867959,Newcastle,169,Kieran Trippier,90.0,7.5,D,False,,,,,38.0,1.0,27,2.0,2.0,4.0
867959,Newcastle,2806,Fabian Schär,90.0,7.6,D,False,,,,,34.0,,22,,2.0,3.0
867959,Newcastle,38734,Sven Botman,90.0,7.2,D,False,,,,,39.0,,33,1.0,,4.0
867959,Newcastle,18961,Dan Burn,90.0,7.5,D,False,1.0,,,,36.0,,28,2.0,2.0,6.0
867959,Newcastle,1463,Joe Willock,76.0,7.2,M,False,1.0,1.0,,,25.0,,21,1.0,2.0,4.0
867959,Newcastle,10135,Bruno Guimarães,90.0,7,M,False,,,,,31.0,,25,2.0,2.0,6.0
867959,Newcastle,723,Joelinton,90.0,6.6,M,False,,,,,32.0,1.0,27,2.0,,4.0
867959,Newcastle,2507,Miguel Almirón,90.0,7.3,F,False,1.0,,,,20.0,,16,2.0,1.0,7.0
867959,Newcastle,2939,Callum Wilson,87.0,6.5,F,False,,,,,8.0,1.0,4,,,2.0
867959,Newcastle,22173,Allan Saint-Maximin,75.0,6.6,F,False,,,,,19.0,1.0,11,,2.0,4.0
867959,Newcastle,18886,Martin Dúbravka,,,G,True,,,,,,,,,,
867959,Newcastle,18903,Matt Ritchie,,,M,True,,,,,,,,,,
867959,Newcastle,18894,Jamaal Lascelles,,,D,True,,,,,,,,,,
867959,Newcastle,18892,Paul Dummett,,,D,True,,,,,,,,,,
867959,Newcastle,18896,Javier Manquillo,,,D,True,,,,,,,,,,
867959,Newcastle,138908,Elliot Anderson,,,M,True,,,,,,,,,,
867959,Newcastle,19163,Jacob Murphy,15.0,6.3,M,True,,,,,4.0,,4,,1.0,
867959,Newcastle,18901,Sean Longstaff,14.0,6.3,M,True,,,,,4.0,,3,,,1.0
867959,Newcastle,18931,Chris Wood,8.0,6.3,F,True,,,,,3.0,,1,,,2.0
867958,Brentford,19465,David Raya,90.0,7.7,G,False,,,,,39.0,,13,,,2.0
867958,Brentford,44871,Aaron Hickey,80.0,6.9,D,False,1.0,1.0,,,15.0,,12,1.0,1.0,7.0
867958,Brentford,15745,Mads Roerslev Rasmussen,90.0,7,D,False,,,,,15.0,,14,,,
867958,Brentford,19124,Pontus Jansson,90.0,7.2,D,False,,,,,15.0,,8,1.0,1.0,4.0
867958,Brentford,18917,Ben Mee,90.0,7.2,D,False,1.0,1.0,1.0,,20.0,,13,,2.0,1.0
867958,Brentford,19346,Rico Henry,90.0,6.9,D,False,2.0,1.0,,,16.0,,12,,1.0,1.0
867958,Brentford,19362,Joshua Dasilva,62.0,7.2,M,False,1.0,1.0,1.0,,16.0,,11,,1.0,2.0
867958,Brentford,30407,Christian Nørgaard,80.0,6.2,M,False,,,,,24.0,1.0,15,,1.0,
867958,Brentford,47438,Mathias Jensen,74.0,8.3,M,False,2.0,1.0,1.0,1.0,27.0,1.0,20,2.0,,3.0
867958,Brentford,20589,Bryan Mbeumo,73.0,7,F,False,1.0,1.0,1.0,,12.0,,8,,,1.0
867958,Brentford,19974,Ivan Toney,90.0,8,F,False,1.0,,,2.0,28.0,4.0,16,,1.0,5.0
867958,Brentford,1835,Thomas Strakosha,,,G,True,,,,,,,,,,
867958,Brentford,19345,Mads Bech Sørensen,10.0,6.3,D,True,,,,,2.0,,2,,,
867958,Brentford,25073,Vitaly Janelt,28.0,7,M,True,,,,,13.0,,12,1.0,,5.0
867958,Brentford,15908,Mikkel Damsgaard,,,M,True,,,,,,,,,,
867958,Brentford,2699,Saman Ghoddos,,,F,True,,,,,,,,,,
867958,Brentford,20110,Shandon Baptiste,16.0,6.9,M,True,,,,,5.0,,5,1.0,,6.0
867958,Brentford,15799,Frank Onyeka,10.0,6.3,M,True,,,,,5.0,,4,,,1.0
867958,Brentford,20649,Yoane Wissa,17.0,6.3,M,True,1.0,1.0,,,3.0,,2,,,
867958,Brentford,106725,Keane Lewis-Potter,,,F,True,,,,,,,,,,
867958,Manchester United,882,David De Gea,90.0,5.2,G,False,,,,,14.0,,9,,,
867958,Manchester United,886,Diogo Dalot,90.0,6.5,D,False,1.0,1.0,,,64.0,2.0,46,,,3.0
867958,Manchester United,2935,Harry Maguire,90.0,6.7,D,False,,,,,50.0,1.0,46,,1.0,4.0
867958,Manchester United,2467,Lisandro Martínez,45.0,6.2,D,False,,,,,32.0,,29,1.0,2.0,2.0
867958,Manchester United,891,Luke Shaw,45.0,6.2,D,False,,,,,36.0,1.0,31,,1.0,
867958,Manchester United,174,Christian Eriksen,87.0,6.2,M,False,2.0,1.0,,,70.0,,61,,2.0,1.0
867958,Manchester United,905,Fred,45.0,6.3,M,False,,,,,35.0,,30,1.0,1.0,1.0
867958,Manchester United,18,Jadon Sancho,60.0,6.5,M,False,,,,,32.0,2.0,25,1.0,,1.0
867958,Manchester United,1485,Bruno Fernandes,90.0,6.9,M,False,2.0,,,,51.0,1.0,44,2.0,3.0,3.0
867958,Manchester United,909,Marcus Rashford,90.0,7,M,False,,,,,23.0,2.0,18,3.0,,9.0
867958,Manchester United,874,Cristiano Ronaldo,90.0,7.3,F,False,6.0,2.0,,,27.0,3.0,26,,,4.0
867958,Manchester United,2931,Tom Heaton,,,G,True,,,,,,,,,,
867958,Manchester United,37145,Tyrell Malacia,45.0,6.6,D,True,,,,,28.0,,25,2.0,,2.0
867958,Manchester United,742,Raphaël Varane,45.0,6.6,D,True,,,,,25.0,,22,1.0,,3.0
867958,Manchester United,18846,Aaron Wan-Bissaka,,,D,True,,,,,,,,,,
867958,Manchester United,895,James Garner,,,M,True,,,,,,,,,,
867958,Manchester United,153430,Anthony Elanga,30.0,6.9,F,True,,,,,7.0,1.0,5,,,4.0
867958,Manchester United,547,Donny van de Beek,8.0,6.2,M,True,,,,,1.0,,1,,,
867958,Manchester United,903,Scott McTominay,45.0,6.9,M,True,,,,,30.0,,26,1.0,2.0,5.0
867958,Manchester United,284324,Alejandro Garnacho,,,M,True,,,,,,,,,,
867963,Nottingham Forest,19088,Dean Henderson,90.0,8.3,G,False,,,,,34.0,,11,,,
867963,Nottingham Forest,1746,Joe Worrall,90.0,6.9,D,False,,,,,37.0,,29,2.0,,4.0
867963,Nottingham Forest,25916,Moussa Niakhaté,79.0,6.9,D,False,3.0,2.0,,,24.0,,17,1.0,,8.0
867963,Nottingham Forest,44811,Scott McKenna,90.0,6.6,D,False,,,,,22.0,,11,,1.0,6.0
867963,Nottingham Forest,138780,Neco Williams,90.0,8.5,M,False,3.0,2.0,,,30.0,2.0,16,6.0,1.0,9.0
867963,Nottingham Forest,24882,Orel Mangala,84.0,6.9,M,False,,,,,23.0,,20,1.0,1.0,3.0
867963,Nottingham Forest,20503,Lewis O'Brien,90.0,6.9,M,False,,,,,24.0,,19,5.0,1.0,7.0
867963,Nottingham Forest,17365,Harry Toffolo,90.0,6.9,M,False,,,,,29.0,2.0,19,,1.0,3.0
867963,Nottingham Forest,900,Jesse Lingard,90.0,6.9,F,False,,,,,23.0,2.0,19,,,2.0
867963,Nottingham Forest,129711,Brennan Johnson,90.0,7.2,F,False,2.0,1.0,,,16.0,1.0,12,,,
867963,Nottingham Forest,8598,Taiwo Awoniyi,72.0,7.2,F,False,2.0,1.0,1.0,,16.0,,12,,,4.0
867963,Nottingham Forest,18836,Wayne Hennessey,,,G,True,,,,,,,,,,
867963,Nottingham Forest,279,Loïc Mbe Soh,,,D,True,,,,,,,,,,
867963,Nottingham Forest,18863,Steve Cook,11.0,6.6,D,True,,,,,3.0,,2,,,2.0
867963,Nottingham Forest,84081,Giulian Biancone,,,D,True,,,,,,,,,,
867963,Nottingham Forest,325967,Oliver Hammond,,,M,True,,,,,,,,,,
867963,Nottingham Forest,40401,Cafú,15.0,6.3,M,True,,,,,2.0,,2,,,
867963,Nottingham Forest,18884,Sam Surridge,18.0,6.5,F,True,,,,,5.0,,1,1.0,,3.0
867963,Nottingham Forest,129712,Alex Mighten,,,F,True,,,,,,,,,,
867963,Nottingham Forest,19842,Lyle Taylor,,,F,True,,,,,,,,,,
867963,West Ham,2997,Łukasz Fabiański,90.0,7.2,G,False,,,,,23.0,,11,,,
867963,West Ham,1231,Vladimír Coufal,90.0,6.6,D,False,1.0,,,,42.0,,29,1.0,2.0,4.0
867963,West Ham,2726,Kurt Zouma,90.0,7,D,False,1.0,1.0,,,26.0,,17,1.0,2.0,7.0
867963,West Ham,18823,Ben Johnson,90.0,6.3,D,False,,,,,34.0,,20,,1.0,3.0
867963,West Ham,18813,Aaron Cresswell,90.0,7.2,D,False,1.0,,,,45.0,5.0,37,,,1.0
867963,West Ham,1243,Tomáš Souček,90.0,6.6,M,False,3.0,2.0,,,25.0,,22,4.0,,7.0
867963,West Ham,2937,Declan Rice,90.0,6.7,M,False,1.0,1.0,,,53.0,,45,3.0,1.0,5.0
867963,West Ham,1697,Pablo Fornals,68.0,6.9,M,False,2.0,,,,45.0,1.0,36,3.0,,5.0
867963,West Ham,19428,Jarrod Bowen,85.0,6.3,F,False,1.0,,,,20.0,,15,1.0,1.0,3.0
867963,West Ham,18819,Michail Antonio,68.0,7,F,False,1.0,,,,11.0,2.0,6,1.0,,8.0
867963,West Ham,19361,Saïd Benrahma,90.0,7.5,F,False,2.0,1.0,,,28.0,4.0,25,1.0,,7.0
867963,West Ham,19229,Darren Randolph,,,G,True,,,,,,,,,,
867963,West Ham,253,Alphonse Aréola,,,G,True,,,,,,,,,,
867963,West Ham,171058,Harrison Ashby,,,D,True,,,,,,,,,,
867963,West Ham,19733,Flynn Downes,,,M,True,,,,,,,,,,
867963,West Ham,18820,Conor Coventry,,,M,True,,,,,,,,,,
867963,West Ham,2473,Manuel Lanzini,22.0,6.7,M,True,,,,,21.0,,17,,,
867963,West Ham,30544,Gianluca Scamacca,22.0,6.3,F,True,,,,,5.0,,2,,,1.0
867963,West Ham,665,Maxwel Cornet,14.0,6.6,F,True,,,,,3.0,,2,1.0,,2.0
867960,Chelsea,2986,Edouard Mendy,90.0,6.3,G,False,,,,,20.0,,13,,,
867960,Chelsea,19545,Reece James,90.0,7.9,D,False,1.0,1.0,1.0,,74.0,1.0,68,3.0,,7.0
867960,Chelsea,259,Thiago Silva,90.0,6.9,D,False,,,,,72.0,1.0,64,3.0,,5.0
867960,Chelsea,318,Kalidou Koulibaly,90.0,7.9,D,False,3.0,1.0,1.0,,74.0,,66,4.0,1.0,6.0
867960,Chelsea,2292,Ruben Loftus-Cheek,90.0,7.3,M,False,,,,,44.0,2.0,36,3.0,,12.0
867960,Chelsea,2290,N'Golo Kanté,84.0,6.9,M,False,,,,,55.0,1.0,46,1.0,1.0,2.0
867960,Chelsea,2289,Jorginho,73.0,7,M,False,,,,,65.0,2.0,56,1.0,1.0,4.0
867960,Chelsea,19220,Mason Mount,90.0,7.7,M,False,2.0,,,,58.0,1.0,49,7.0,,11.0
867960,Chelsea,47380,Marc Cucurella,90.0,7.2,M,False,,,,1.0,66.0,1.0,58,1.0,1.0,1.0
867960,Chelsea,978,Kai Havertz,89.0,6.9,F,False,2.0,1.0,,,30.0,1.0,22,2.0,,11.0
867960,Chelsea,645,Raheem Sterling,85.0,6.3,F,False,1.0,,,1.0,26.0,2.0,22,1.0,,1.0
867960,Chelsea,2273,Kepa Arrizabalaga,,,G,True,,,,,,,,,,
867960,Chelsea,2280,César Azpilicueta,17.0,6.2,D,True,,,,,11.0,,10,,,
867960,Chelsea,19720,Trevoh Chalobah,,,D,True,,,,,,,,,,
867960,Chelsea,2933,Ben Chilwell,,,D,True,,,,,,,,,,
867960,Chelsea,67972,Conor Gallagher,13.0,6.6,M,True,,,,,1.0,1.0,1,2.0,,2.0
867960,Chelsea,138822,Armando Broja,8.0,6.3,F,True,,,,,1.0,,1,,,
867960,Chelsea,548,Hakim Ziyech,,,M,True,,,,,,,,,,
867960,Chelsea,17,Christian Pulišić,14.0,6.2,M,True,,,,,,,,,,
867960,Chelsea,2298,Callum Hudson-Odoi,,,F,True,,,,,,,,,,
867960,Tottenham,159,Hugo Lloris,90.0,6.3,G,False,,,,,27.0,,26,,,
867960,Tottenham,30776,Cristian Romero,90.0,7.2,D,False,,,,,43.0,,37,7.0,1.0,11.0
867960,Tottenham,175,Eric Dier,90.0,6.9,D,False,,,,,70.0,,56,1.0,5.0,6.0
867960,Tottenham,164,Ben Davies,90.0,7,D,False,1.0,1.0,,1.0,32.0,1.0,23,4.0,1.0,8.0
867960,Tottenham,1566,Emerson Royal,82.0,6.9,M,False,,,,,23.0,,16,3.0,3.0,4.0
867960,Tottenham,2735,Pierre-Emile Højbjerg,90.0,8.2,M,False,1.0,1.0,1.0,,38.0,1.0,34,4.0,,4.0
867960,Tottenham,863,Rodrigo Bentancur,79.0,6.9,M,False,,,,,37.0,,27,3.0,1.0,5.0
867960,Tottenham,19032,Ryan Sessegnon,57.0,5.9,M,False,1.0,1.0,,,10.0,,6,,1.0,2.0
867960,Tottenham,30435,Dejan Kulusevski,90.0,6.5,F,False,,,,,11.0,,7,1.0,,4.0
867960,Tottenham,186,Heung-min Son,79.0,6.2,F,False,1.0,1.0,,,12.0,1.0,8,1.0,1.0,3.0
867960,Tottenham,184,Harry Kane,90.0,7.9,F,False,3.0,1.0,1.0,,17.0,3.0,14,1.0,,7.0
867960,Tottenham,18932,Fraser Forster,,,G,True,,,,,,,,,,
867960,Tottenham,168,Davinson Sánchez,,,D,True,,,,,,,,,,
867960,Tottenham,149550,Japhet Tanganga,,,D,True,,,,,,,,,,
867960,Tottenham,18968,Yves Bissouma,11.0,6.2,M,True,,,,,4.0,,4,,,
867960,Tottenham,207,Ivan Perišić,11.0,7.2,M,True,,,,1.0,4.0,2.0,3,,1.0,
867960,Tottenham,18742,Matt Doherty,,,D,True,,,,,,,,,,
867960,Tottenham,2413,Richarlison,33.0,6.3,F,True,,,,,7.0,,4,,,
867960,Tottenham,2061,Bryan Gil,,,F,True,,,,,,,,,,
867960,Tottenham,178,Lucas Moura,8.0,6.7,F,True,,,,,5.0,,4,,1.0,2.0
867961,Liverpool,280,Alisson,90.0,6.7,G,False,,,,,28.0,,24,,,
867961,Liverpool,283,Trent Alexander-Arnold,90.0,8,D,False,1.0,,,,94.0,5.0,74,1.0,1.0,2.0
867961,Liverpool,127472,Nathaniel Phillips,63.0,7.2,D,False,,,,,79.0,,68,2.0,2.0,6.0
867961,Liverpool,290,Virgil van Dijk,90.0,6.9,D,False,1.0,,,,80.0,,72,,,
867961,Liverpool,289,Andrew Robertson,63.0,6.3,D,False,,,,,55.0,,45,,1.0,1.0
867961,Liverpool,19035,Harvey Elliott,79.0,7.7,M,False,1.0,1.0,,,60.0,2.0,54,5.0,2.0,6.0
867961,Liverpool,299,Fabinho,90.0,7.3,M,False,,,,,122.0,1.0,115,3.0,2.0,5.0
867961,Liverpool,296,James Milner,63.0,6.9,M,False,1.0,,,1.0,38.0,2.0,33,1.0,2.0,2.0
867961,Liverpool,306,Mohamed Salah,90.0,6.9,F,False,3.0,1.0,,,32.0,8.0,26,,,1.0
867961,Liverpool,51617,Darwin Núñez,57.0,5.5,F,False,3.0,,,,9.0,,6,,,2.0
867961,Liverpool,2489,Luis Díaz,90.0,8.2,F,False,3.0,2.0,1.0,,44.0,1.0,34,6.0,1.0,16.0
867961,Liverpool,18812,Adrián,,,G,True,,,,,,,,,,
867961,Liverpool,36922,Sepp van den Berg,,,D,True,,,,,,,,,,
867961,Liverpool,310187,Stefan Bajčetić,,,D,True,,,,,,,,,,
867961,Liverpool,284,Joe Gomez,27.0,6.9,D,True,,,,,45.0,,44,,1.0,1.0
867961,Liverpool,1600,Konstantinos Tsimikas,27.0,6.6,D,True,,,,,17.0,,17,2.0,,3.0
867961,Liverpool,153066,Fabio Carvalho,11.0,6.2,M,True,1.0,,,,5.0,,4,,,1.0
867961,Liverpool,334729,Bobby Clark,,,M,True,,,,,,,,,,
867961,Liverpool,294,Naby Keïta,,,M,True,,,,,,,,,,
867961,Liverpool,292,Jordan Henderson,27.0,7.2,M,True,,,,,33.0,1.0,29,,1.0,
867961,Crystal Palace,18835,Vicente Guaita,90.0,6.9,G,False,,,,,32.0,,23,,,
867961,Crystal Palace,18862,Nathaniel Clyne,90.0,6.5,D,False,,,,,24.0,,17,3.0,2.0,4.0
867961,Crystal Palace,18847,Joel Ward,90.0,7,D,False,,,,,34.0,,17,4.0,1.0,9.0
867961,Crystal Palace,2729,Joachim Andersen,90.0,7.5,D,False,1.0,,,,26.0,,18,1.0,3.0,4.0
867961,Crystal Palace,67971,Marc Guéhi,90.0,6.6,D,False,,,,,22.0,1.0,15,1.0,2.0,1.0
867961,Crystal Palace,182201,Tyrick Mitchell,79.0,7,D,False,,,,,25.0,,15,4.0,3.0,5.0
867961,Crystal Palace,3428,Jordan Ayew,63.0,6.7,M,False,,,,,9.0,,6,1.0,1.0,7.0
867961,Crystal Palace,3339,Cheick Doucouré,79.0,7.5,M,False,1.0,,,,28.0,2.0,24,,3.0,1.0
867961,Crystal Palace,18843,Jeffrey Schlupp,88.0,7,M,False,,,,,18.0,,12,5.0,2.0,7.0
867961,Crystal Palace,19586,Eberechi Eze,79.0,7.5,M,False,,,,1.0,31.0,1.0,24,,,10.0
867961,Crystal Palace,3247,Wilfried Zaha,90.0,6.7,F,False,4.0,3.0,1.0,,8.0,1.0,6,1.0,,3.0
867961,Crystal Palace,19143,Sam Johnstone,,,G,True,,,,,,,,,,
867961,Crystal Palace,126949,Chris Richards,11.0,7.3,D,True,1.0,,,,4.0,1.0,3,,1.0,3.0
867961,Crystal Palace,18806,Will Hughes,11.0,6.6,M,True,,,,,4.0,,1,1.0,,1.0
867961,Crystal Palace,19617,Michael Olise,8.0,6.3,M,True,,,,,,1.0,,,,
867961,Crystal Palace,328808,Malcolm Ebiowei,,,M,True,,,,,,,,,,
867961,Crystal Palace,18852,Luka Milivojević,11.0,6.3,M,True,,,,,1.0,,1,1.0,,1.0
867961,Crystal Palace,25927,Jean-Philippe Mateta,,,F,True,,,,,,,,,,
867961,Crystal Palace,284059,Luke Plange,,,F,True,,,,,,,,,,
867961,Crystal Palace,1135,Odsonne Édouard,27.0,6.6,F,True,,,,,8.0,,7,1.0,,3.0
867974,Tottenham,159,Hugo Lloris,90.0,7.5,G,False,,,,,30.0,,24,,,
867974,Tottenham,168,Davinson Sánchez,90.0,7.3,D,False,1.0,,,,38.0,,34,3.0,,5.0
867974,Tottenham,175,Eric Dier,90.0,7.5,D,False,,,,,69.0,,62,1.0,1.0,1.0
867974,Tottenham,164,Ben Davies,90.0,7,D,False,,,,,56.0,,47,,,1.0
867974,Tottenham,1566,Emerson Royal,90.0,7.3,M,False,,,,,45.0,,41,3.0,1.0,6.0
867974,Tottenham,2735,Pierre-Emile Højbjerg,90.0,7.3,M,False,1.0,1.0,,,69.0,,66,2.0,1.0,4.0
867974,Tottenham,863,Rodrigo Bentancur,90.0,7.2,M,False,,,,,52.0,,48,2.0,,3.0
867974,Tottenham,207,Ivan Perišić,76.0,7.3,M,False,,,,1.0,30.0,3.0,24,5.0,,7.0
867974,Tottenham,30435,Dejan Kulusevski,86.0,6.6,F,False,,,,,33.0,3.0,27,,,3.0
867974,Tottenham,186,Heung-min Son,76.0,7,F,False,3.0,1.0,,,17.0,1.0,13,,1.0,2.0
867974,Tottenham,184,Harry Kane,90.0,7.5,F,False,3.0,2.0,1.0,,21.0,2.0,17,,,2.0
867974,Tottenham,18932,Fraser Forster,,,G,True,,,,,,,,,,
867974,Tottenham,133,Clément Lenglet,,,D,True,,,,,,,,,,
867974,Tottenham,149550,Japhet Tanganga,,,D,True,,,,,,,,,,
867974,Tottenham,18742,Matt Doherty,,,D,True,,,,,,,,,,
867974,Tottenham,18968,Yves Bissouma,9.0,6.7,M,True,,,,,,1.0,,,,
867974,Tottenham,19032,Ryan Sessegnon,14.0,6.5,M,True,,,,,4.0,,2,,,
867974,Tottenham,2061,Bryan Gil,,,F,True,,,,,,,,,,
867974,Tottenham,178,Lucas Moura,,,F,True,,,,,,,,,,
867974,Tottenham,2413,Richarlison,14.0,6.9,F,True,1.0,,,,8.0,,6,2.0,,4.0
867974,Wolves,1590,José Sá,90.0,6.7,G,False,,,,,25.0,,16,,,
867974,Wolves,18740,Jonny Otto,90.0,6.6,D,False,,,,,67.0,,57,2.0,,5.0
867974,Wolves,19495,Nathan Collins,90.0,6.7,D,False,,,,,58.0,,50,1.0,,5.0
867974,Wolves,18744,Max Kilman,90.0,7,D,False,1.0,,,,54.0,,46,1.0,1.0,3.0
867974,Wolves,1864,Pedro Neto,71.0,6.3,M,False,,,,,20.0,3.0,18,,,1.0
867974,Wolves,41621,Matheus Nunes,90.0,7.2,M,False,2.0,,,,30.0,1.0,29,3.0,,6.0
867974,Wolves,2676,Rúben Neves,90.0,7.7,M,False,3.0,1.0,,,65.0,3.0,60,2.0,3.0,3.0
867974,Wolves,2677,João Moutinho,58.0,7.2,M,False,,,,,46.0,4.0,37,1.0,,1.0
867974,Wolves,21138,Rayan Aït Nouri,71.0,6.3,M,False,1.0,1.0,,,34.0,,30,3.0,,5.0
867974,Wolves,1605,Daniel Podence,59.0,7,F,False,1.0,,,,21.0,2.0,15,1.0,2.0,4.0
867974,Wolves,925,Gonçalo Guedes,81.0,7.2,F,False,3.0,1.0,,,21.0,3.0,18,,,4.0
867974,Wolves,19173,Matija Šarkić,,,G,True,,,,,,,,,,
867974,Wolves,18739,Willy Boly,,,D,True,,,,,,,,,,
867974,Wolves,41606,Toti Gomes,,,D,True,,,,,,,,,,
867974,Wolves,149564,Luke Cundle,,,M,True,,,,,,,,,,
867974,Wolves,130,Nélson Semedo,19.0,6.6,D,True,,,,,10.0,1.0,7,3.0,,3.0
867974,Wolves,2922,Leander Dendoncker,32.0,6.6,M,True,,,,,11.0,1.0,7,1.0,,1.0
867974,Wolves,2887,Raúl Jiménez,31.0,6.7,F,True,,,,,5.0,,1,,,3.0
867974,Wolves,18753,Adama Traoré,19.0,6.7,F,True,,,,,6.0,,5,,,2.0
867974,Wolves,24888,Hee-Chan Hwang,9.0,6.3,F,True,,,,,4.0,,3,,,
867969,Fulham,1438,Bernd Leno,90.0,6.7,G,False,,,,,23.0,,14,,,
867969,Fulham,657,Kenny Tete,77.0,6.7,D,False,,,,,28.0,,24,3.0,1.0,3.0
867969,Fulham,19145,Tosin Adarabioyo,90.0,6.3,D,False,,,,,47.0,,32,,2.0,4.0
867969,Fulham,19023,Tim Ream,90.0,6.3,D,False,,,,,35.0,,25,1.0,2.0,3.0
867969,Fulham,19549,Antonee Robinson,90.0,6.2,D,False,,,,,20.0,2.0,14,,1.0,3.0
867969,Fulham,19480,Harrison Reed,90.0,6.5,M,False,2.0,,,,28.0,,22,,2.0,
867969,Fulham,41104,João Palhinha,90.0,7.3,M,False,1.0,1.0,1.0,,23.0,,14,4.0,1.0,11.0
867969,Fulham,191971,Jay Stansfield,77.0,6.5,M,False,,,,,16.0,1.0,8,,1.0,1.0
867969,Fulham,899,Andreas Pereira,90.0,7.9,M,False,2.0,2.0,,1.0,27.0,4.0,22,2.0,1.0,4.0
867969,Fulham,19004,Bobby Reid,90.0,6.7,M,False,1.0,1.0,1.0,,19.0,2.0,11,1.0,,1.0
867969,Fulham,2825,Aleksandar Mitrović,89.0,6.2,F,False,7.0,5.0,1.0,,21.0,,14,1.0,,7.0
867969,Fulham,19657,Marek Rodák,,,G,True,,,,,,,,,,
867969,Fulham,946,Kevin Mbabu,13.0,7.3,D,True,,,,1.0,9.0,2.0,7,,,2.0
867969,Fulham,18814,Issa Diop,,,D,True,,,,,,,,,,
867969,Fulham,18962,Shane Duffy,1.0,,D,True,,,,,2.0,,2,,,2.0
867969,Fulham,19025,Tom Cairney,13.0,7.2,M,True,,,,,13.0,1.0,10,,,2.0
867969,Fulham,129707,Tyrese Francois,,,M,True,,,,,,,,,,
867969,Fulham,153077,Luke Harris,,,M,True,,,,,,,,,,
867969,Fulham,18803,Nathaniel Chalobah,,,M,True,,,,,,,,,,
867969,Fulham,174174,Terry Ablade,,,F,True,,,,,,,,,,
867969,Brentford,19465,David Raya,90.0,7.2,G,False,,,,,63.0,,40,,,1.0
867969,Brentford,44871,Aaron Hickey,59.0,6.2,D,False,,,,,15.0,,14,1.0,,3.0
867969,Brentford,19124,Pontus Jansson,90.0,6.7,D,False,,,,,57.0,,46,,1.0,2.0
867969,Brentford,18917,Ben Mee,90.0,6.9,D,False,2.0,,,,72.0,,54,1.0,1.0,9.0
867969,Brentford,19346,Rico Henry,90.0,6.5,D,False,,,,,30.0,,21,2.0,,9.0
867969,Brentford,19362,Joshua Dasilva,74.0,6.3,M,False,,,,,29.0,,27,1.0,,4.0
867969,Brentford,30407,Christian Nørgaard,90.0,7.3,M,False,2.0,2.0,1.0,,40.0,,31,2.0,2.0,4.0
867969,Brentford,47438,Mathias Jensen,60.0,7,M,False,,,,1.0,22.0,2.0,18,1.0,,1.0
867969,Brentford,20589,Bryan Mbeumo,90.0,7.7,F,False,2.0,1.0,,,23.0,3.0,14,1.0,,3.0
867969,Brentford,19974,Ivan Toney,90.0,7.6,F,False,2.0,1.0,1.0,,17.0,1.0,14,1.0,1.0,12.0
867969,Brentford,20649,Yoane Wissa,83.0,6.9,F,False,1.0,1.0,,1.0,17.0,1.0,13,,,2.0
867969,Brentford,1835,Thomas Strakosha,,,G,True,,,,,,,,,,
867969,Brentford,19345,Mads Bech Sørensen,,,D,True,,,,,,,,,,
867969,Brentford,2699,Saman Ghoddos,12.0,6.5,F,True,,,,,2.0,,,,,
867969,Brentford,106725,Keane Lewis-Potter,31.0,6.7,F,True,,,,,9.0,1.0,4,,,1.0
867969,Brentford,20110,Shandon Baptiste,16.0,6.6,M,True,,,,,5.0,1.0,5,1.0,1.0,2.0
867969,Brentford,15799,Frank Onyeka,,,M,True,,,,,,,,,,
867969,Brentford,25073,Vitaly Janelt,30.0,6.5,M,True,,,,,16.0,,14,1.0,,1.0
867969,Brentford,15745,Mads Roerslev Rasmussen,,,D,True,,,,,,,,,,
867969,Brentford,37440,Halil Dervişoğlu,,,F,True,,,,,,,,,,
867968,Everton,2932,Jordan Pickford,90.0,7.7,G,False,,,,1.0,28.0,1.0,18,,,
867968,Everton,19150,Mason Holgate,90.0,6.9,D,False,,,,,50.0,1.0,39,1.0,2.0,3.0
867968,Everton,18741,Conor Coady,90.0,6.9,D,False,,,,,52.0,,42,,,1.0
867968,Everton,2936,James Tarkowski,90.0,6.3,D,False,,,,,43.0,,28,1.0,1.0,7.0
867968,Everton,138417,Nathan Patterson,90.0,6.9,M,False,,,,,25.0,1.0,24,3.0,2.0,3.0
867968,Everton,18762,Tom Davies,57.0,6.7,M,False,1.0,,,,32.0,1.0,24,1.0,1.0,1.0
867968,Everton,1455,Alex Iwobi,90.0,7.3,M,False,1.0,,,,53.0,4.0,42,2.0,1.0,5.0
867968,Everton,2165,Vitaliy Mykolenko,90.0,6.5,M,False,,,,,42.0,1.0,28,1.0,2.0,4.0
867968,Everton,138787,Anthony Gordon,90.0,6.3,F,False,5.0,5.0,,,24.0,3.0,21,3.0,,5.0
867968,Everton,2461,Salomón Rondón,57.0,6.7,F,False,1.0,,,,9.0,1.0,9,,,1.0
867968,Everton,18781,Demarai Gray,90.0,8.2,F,False,5.0,3.0,1.0,,32.0,2.0,26,1.0,,4.0
867968,Everton,18858,Asmir Begović,,,G,True,,,,,,,,,,
867968,Everton,2934,Michael Keane,,,D,True,,,,,,,,,,
867968,Everton,18758,Séamus Coleman,,,D,True,,,,,,,,,,
867968,Everton,172,Dele Alli,,,M,True,,,,,,,,,,
867968,Everton,326,Allan,,,M,True,,,,,,,,,,
867968,Everton,3240,Jean-Philippe Gbamin,,,M,True,,,,,,,,,,
867968,Everton,18745,Rúben Vinagre,,,D,True,,,,,,,,,,
867968,Everton,18929,Dwight McNeil,33.0,6.5,M,True,,,,,14.0,,12,,,1.0
867968,Everton,162714,Amadou Onana,33.0,6.3,M,True,1.0,,,,9.0,,7,,2.0,2.0
867968,Nottingham Forest,19088,Dean Henderson,90.0,8.2,G,False,,,,,40.0,,18,,,2.0
867968,Nottingham Forest,1746,Joe Worrall,90.0,6.7,D,False,,,,,64.0,,52,2.0,,4.0
867968,Nottingham Forest,18863,Steve Cook,90.0,7.5,D,False,,,,,64.0,,56,3.0,,6.0
867968,Nottingham Forest,44811,Scott McKenna,90.0,6.5,D,False,,,,,46.0,,32,,,3.0
867968,Nottingham Forest,138780,Neco Williams,90.0,7.2,M,False,3.0,1.0,,,39.0,2.0,23,5.0,,7.0
867968,Nottingham Forest,24882,Orel Mangala,55.0,6.6,M,False,1.0,1.0,,,40.0,1.0,35,2.0,,4.0
867968,Nottingham Forest,20503,Lewis O'Brien,90.0,6.6,M,False,2.0,,,,30.0,1.0,22,2.0,,6.0
867968,Nottingham Forest,17365,Harry Toffolo,90.0,7,M,False,1.0,,,,20.0,1.0,14,4.0,1.0,6.0
867968,Nottingham Forest,900,Jesse Lingard,84.0,6.7,F,False,,,,,39.0,1.0,31,,,
867968,Nottingham Forest,129711,Brennan Johnson,90.0,7.3,F,False,1.0,1.0,1.0,,10.0,1.0,3,1.0,,3.0
867968,Nottingham Forest,8598,Taiwo Awoniyi,61.0,6.9,F,False,1.0,1.0,,,16.0,1.0,12,,1.0,
867968,Nottingham Forest,18836,Wayne Hennessey,,,G,True,,,,,,,,,,
867968,Nottingham Forest,84081,Giulian Biancone,,,D,True,,,,,,,,,,
867968,Nottingham Forest,19305,Ryan Yates,35.0,6.9,M,True,2.0,1.0,,,17.0,,16,1.0,,2.0
867968,Nottingham Forest,18746,Morgan Gibbs-White,29.0,6.5,M,True,,,,,12.0,,7,1.0,,1.0
867968,Nottingham Forest,2991,Cheikhou Kouyaté,10.0,6.7,M,True,,,,,7.0,,5,1.0,,1.0
867968,Nottingham Forest,2807,Remo Freuler,,,M,True,,,,,,,,,,
867968,Nottingham Forest,18884,Sam Surridge,,,F,True,,,,,,,,,,
867968,Nottingham Forest,80,Emmanuel Dennis,,,F,True,,,,,,,,,,
867968,Nottingham Forest,129712,Alex Mighten,,,F,True,,,,,,,,,,
867971,Leicester,18146,Danny Ward,90.0,6.3,G,False,,,,,21.0,,18,,,
867971,Leicester,2920,Timothy Castagne,90.0,6.2,D,False,,,,,55.0,,45,,1.0,4.0
867971,Leicester,3421,Daniel Amartey,90.0,6.7,D,False,,,,,99.0,,84,2.0,,8.0
867971,Leicester,18772,Jonny Evans,90.0,6.9,D,False,,,,,99.0,,86,,1.0,6.0
867971,Leicester,19760,James Justin,90.0,6.5,D,False,,,,,57.0,,46,2.0,1.0,7.0
867971,Leicester,18786,Wilfred Ndidi,90.0,6.6,M,False,,,,,55.0,,47,4.0,3.0,5.0
867971,Leicester,18906,Ayoze Pérez,65.0,6.3,M,False,1.0,,,,29.0,1.0,22,2.0,,5.0
867971,Leicester,18784,James Maddison,90.0,6.9,M,False,1.0,1.0,1.0,,48.0,1.0,43,,,1.0
867971,Leicester,148099,Kiernan Dewsbury-Hall,90.0,7.2,M,False,,,,,44.0,1.0,30,5.0,,11.0
867971,Leicester,18778,Harvey Barnes,76.0,6.5,M,False,1.0,,,,23.0,,16,,,4.0
867971,Leicester,18788,Jamie Vardy,65.0,6.7,F,False,1.0,,,,4.0,,2,,,1.0
867971,Leicester,17736,Daniel Iversen,,,G,True,,,,,,,,,,
867971,Leicester,18776,Çağlar Söyüncü,,,D,True,,,,,,,,,,
867971,Leicester,152969,Luke Thomas,,,D,True,,,,,,,,,,
867971,Leicester,18777,Marc Albrighton,,,M,True,,,,,,,,,,
867971,Leicester,18785,Nampalys Mendy,,,M,True,,,,,,,,,,
867971,Leicester,2926,Youri Tielemans,25.0,6.7,M,True,,,,,15.0,,11,,,2.0
867971,Leicester,2778,Kelechi Iheanacho,14.0,6.2,F,True,,,,,6.0,,3,,,1.0
867971,Leicester,1098,Patson Daka,25.0,6.5,F,True,,,,,1.0,,1,,,
867971,Leicester,2925,Dennis Praet,,,M,True,,,,,,,,,,
867971,Southampton,105971,Gavin Bazunu,90.0,6.2,G,False,,,,,34.0,,17,,,1.0
867971,Southampton,171,Kyle Walker-Peters,90.0,6.3,D,False,,,,,28.0,2.0,21,,,6.0
867971,Southampton,25061,Armel Bella-Kotchap,90.0,7.3,D,False,1.0,,,1.0,44.0,1.0,30,2.0,,8.0
867971,Southampton,47480,Mohammed Salisu,90.0,7.5,D,False,1.0,,,,45.0,1.0,36,3.0,1.0,6.0
867971,Southampton,2114,Moussa Djenepo,90.0,7.3,D,False,,,,,29.0,,21,4.0,3.0,9.0
867971,Southampton,2938,James Ward-Prowse,90.0,7.9,M,False,,,,1.0,42.0,4.0,35,2.0,,4.0
867971,Southampton,282125,Roméo Lavia,90.0,7.2,M,False,1.0,1.0,,,32.0,,29,2.0,2.0,5.0
867971,Southampton,19825,Joe Aribo,88.0,6.6,M,False,,,,,24.0,,17,4.0,1.0,8.0
867971,Southampton,18946,Mohamed Elyounoussi,90.0,6.2,M,False,,,,,13.0,,6,1.0,1.0,5.0
867971,Southampton,19484,Adam Armstrong,70.0,6.5,M,False,,,,,20.0,,12,,,3.0
867971,Southampton,190686,Sékou Mara,59.0,6.7,F,False,1.0,,,,11.0,,5,1.0,,7.0
867971,Southampton,18935,Alex McCarthy,,,G,True,,,,,,,,,,
867971,Southampton,2999,Jan Bednarek,,,D,True,,,,,,,,,,
867971,Southampton,30476,Lyanco,9.0,6.6,D,True,,,,,,,,,1.0,
867971,Southampton,18942,Yan Valery,,,D,True,,,,,,,,,,
867971,Southampton,18769,Theo Walcott,,,F,True,,,,,,,,,,
867971,Southampton,18949,Oriol Romeu,,,M,True,,,,,,,,,,
867971,Southampton,20557,Ibrahima Diallo,,,M,True,,,,,,,,,,
867971,Southampton,18945,Stuart Armstrong,20.0,6.6,M,True,1.0,,,,8.0,1.0,6,,1.0,
867971,Southampton,19524,Che Adams,31.0,8.5,F,True,3.0,2.0,2.0,,5.0,,5,,,1.0
867967,Crystal Palace,18835,Vicente Guaita,90.0,6.9,G,False,,,,,18.0,,16,,,
867967,Crystal Palace,18847,Joel Ward,90.0,6.9,D,False,,,,,45.0,,35,1.0,,2.0
867967,Crystal Palace,2729,Joachim Andersen,90.0,7,D,False,,,,,55.0,1.0,47,1.0,,4.0
867967,Crystal Palace,67971,Marc Guéhi,90.0,6.6,D,False,,,,,65.0,1.0,58,,,3.0
867967,Crystal Palace,182201,Tyrick Mitchell,90.0,7.2,D,False,,,,1.0,68.0,3.0,54,1.0,,2.0
867967,Crystal Palace,18843,Jeffrey Schlupp,82.0,6.5,M,False,1.0,,,,22.0,,16,1.0,,6.0
867967,Crystal Palace,3339,Cheick Doucouré,90.0,6.7,M,False,1.0,,,,42.0,,36,1.0,,2.0
867967,Crystal Palace,19586,Eberechi Eze,89.0,7.9,M,False,1.0,,,,38.0,3.0,35,2.0,,12.0
867967,Crystal Palace,3428,Jordan Ayew,70.0,6.9,F,False,2.0,2.0,,,21.0,1.0,18,3.0,1.0,6.0
867967,Crystal Palace,1135,Odsonne Édouard,70.0,6.9,F,False,2.0,1.0,,1.0,18.0,1.0,16,1.0,,3.0
867967,Crystal Palace,3247,Wilfried Zaha,82.0,7.9,F,False,3.0,3.0,2.0,,30.0,3.0,25,1.0,,7.0
867967,Crystal Palace,284549,Joseph Whitworth,,,G,True,,,,,,,,,,
867967,Crystal Palace,19143,Sam Johnstone,,,G,True,,,,,,,,,,
867967,Crystal Palace,126949,Chris Richards,1.0,,D,True,,,,,5.0,,4,,,
867967,Crystal Palace,18862,Nathaniel Clyne,,,D,True,,,,,,,,,,
867967,Crystal Palace,19617,Michael Olise,20.0,6.3,M,True,,,,,6.0,,5,1.0,,2.0
867967,Crystal Palace,18806,Will Hughes,8.0,6.7,M,True,2.0,2.0,,,8.0,,8,1.0,,1.0
867967,Crystal Palace,328808,Malcolm Ebiowei,,,M,True,,,,,,,,,,
867967,Crystal Palace,18852,Luka Milivojević,8.0,6.7,M,True,,,,,2.0,,1,,1.0,
867967,Crystal Palace,25927,Jean-Philippe Mateta,20.0,7.2,F,True,2.0,1.0,1.0,,5.0,,4,,1.0,
867967,Aston Villa,19599,Emiliano Martínez,90.0,7.7,G,False,,,,,38.0,,29,,,
867967,Aston Villa,19298,Matty Cash,90.0,6.3,D,False,1.0,,,,26.0,2.0,15,3.0,3.0,5.0
867967,Aston Villa,19354,Ezri Konsa,90.0,6.9,D,False,1.0,,,,50.0,,45,4.0,,8.0
867967,Aston Villa,19179,Tyrone Mings,90.0,6.5,D,False,,,,,67.0,,54,,2.0,4.0
867967,Aston Villa,2724,Lucas Digne,90.0,6.3,D,False,1.0,,,,42.0,2.0,36,3.0,1.0,5.0
867967,Aston Villa,19191,John McGinn,73.0,6.2,M,False,,,,,28.0,,20,3.0,,4.0
867967,Aston Villa,1904,Boubacar Kamara,90.0,7.3,M,False,,,,,45.0,1.0,36,7.0,1.0,11.0
867967,Aston Villa,19192,Jacob Ramsey,90.0,6.2,M,False,,,,,31.0,1.0,28,1.0,,6.0
867967,Aston Villa,983,Leon Bailey,66.0,7,F,False,1.0,,,1.0,15.0,2.0,9,,,2.0
867967,Aston Villa,19366,Ollie Watkins,90.0,7.2,F,False,2.0,1.0,1.0,,27.0,,21,2.0,,5.0
867967,Aston Villa,19071,Emiliano Buendía,73.0,6.9,F,False,1.0,1.0,,,26.0,,22,3.0,,5.0
867967,Aston Villa,766,Robin Olsen,,,G,True,,,,,,,,,,
867967,Aston Villa,894,Ashley Young,,,D,True,,,,,,,,,,
867967,Aston Villa,2852,Ludwig Augustinsson,,,D,True,,,,,,,,,,
867967,Aston Villa,19016,Calum Chambers,,,D,True,,,,,,,,,,
867967,Aston Villa,147,Philippe Coutinho,17.0,6.9,M,True,2.0,2.0,,,8.0,,8,,,3.0
867967,Aston Villa,47522,Douglas Luiz,17.0,7.2,M,True,,,,,24.0,2.0,24,,,1.0
867967,Aston Villa,76,Marvelous Nakamba,,,M,True,,,,,,,,,,
867967,Aston Villa,137302,Cameron Archer,,,F,True,,,,,,,,,,
867967,Aston Villa,18955,Danny Ings,24.0,6.6,F,True,2.0,1.0,,,1.0,,1,,,1.0
867966,Bournemouth,18860,Mark Travers,90.0,6.2,G,False,,,,,25.0,,23,,,
867966,Bournemouth,18866,Chris Mepham,90.0,6.3,D,False,1.0,1.0,,,57.0,,43,2.0,2.0,4.0
867966,Bournemouth,6610,Marcos Senesi,45.0,6.3,D,False,,,,,19.0,,18,2.0,,3.0
867966,Bournemouth,19263,Lloyd Kelly,90.0,7,D,False,,,,,52.0,1.0,44,3.0,1.0,6.0
867966,Bournemouth,2490,Jefferson Lerma,90.0,6.6,M,False,1.0,,,,48.0,,43,1.0,,3.0
867966,Bournemouth,18869,Adam Smith,90.0,6.6,M,False,,,,,36.0,2.0,28,2.0,1.0,4.0
867966,Bournemouth,19245,Marcus Tavernier,90.0,6.5,M,False,2.0,,,,31.0,1.0,25,,,3.0
867966,Bournemouth,19454,Ben Pearson,45.0,6.3,M,False,,,,,13.0,,9,1.0,,1.0
867966,Bournemouth,19824,Jordan Zemura,90.0,6.5,M,False,,,,,34.0,,19,3.0,1.0,4.0
867966,Bournemouth,19804,Kieffer Moore,90.0,6.7,F,False,2.0,,,,25.0,1.0,14,1.0,,7.0
867966,Bournemouth,2734,Philip Billing,65.0,6.6,F,False,,,,,16.0,,9,1.0,,4.0
867966,Bournemouth,912,Neto,,,G,True,,,,,,,,,,
867966,Bournemouth,19769,Jack Stacey,,,D,True,,,,,,,,,,
867966,Bournemouth,20093,James Hill,,,D,True,,,,,,,,,,
867966,Bournemouth,1125,Ryan Christie,25.0,6.9,M,True,,,,,10.0,,9,,1.0,3.0
867966,Bournemouth,18872,Lewis Cook,45.0,6.9,M,True,,,,,22.0,,21,4.0,1.0,6.0
867966,Bournemouth,19356,Emiliano Marcondes,,,M,True,,,,,,,,,,
867966,Bournemouth,196855,Jaidon Anthony,45.0,6.6,F,True,,,,,23.0,,19,2.0,,3.0
867966,Bournemouth,19964,Siriki Dembélé,,,M,True,,,,,,,,,,
867966,Bournemouth,19866,Jamal Lowe,,,F,True,,,,,,,,,,
867966,Arsenal,20355,Aaron Ramsdale,90.0,7,G,False,,,,,25.0,,16,,,1.0
867966,Arsenal,19959,Benjamin White,74.0,7.3,D,False,,,,,59.0,1.0,56,1.0,2.0,4.0
867966,Arsenal,22090,William Saliba,90.0,8,D,False,1.0,1.0,1.0,,73.0,,73,2.0,2.0,2.0
867966,Arsenal,22224,Gabriel Magalhães,90.0,7.2,D,False,1.0,,,,80.0,,74,1.0,,5.0
867966,Arsenal,641,Oleksandr Zinchenko,90.0,7.2,D,False,,,,,69.0,,59,2.0,,4.0
867966,Arsenal,49,Thomas Partey,90.0,6.9,M,False,,,,,69.0,,61,2.0,,8.0
867966,Arsenal,1464,Granit Xhaka,88.0,7.3,M,False,,,,1.0,55.0,3.0,47,1.0,,2.0
867966,Arsenal,1460,Bukayo Saka,88.0,6.9,M,False,,,,,37.0,2.0,34,1.0,3.0,7.0
867966,Arsenal,37127,Martin Ødegaard,74.0,8.2,M,False,2.0,2.0,2.0,,54.0,,44,,,4.0
867966,Arsenal,127769,Gabriel Martinelli,75.0,6.9,M,False,4.0,1.0,,,16.0,,14,1.0,,4.0
867966,Arsenal,643,Gabriel Jesus,90.0,7,F,False,,,,1.0,21.0,2.0,19,2.0,1.0,9.0
867966,Arsenal,50999,Matt Turner,,,G,True,,,,,,,,,,
867966,Arsenal,1117,Kieran Tierney,2.0,,D,True,,,,,,,,,1.0,
867966,Arsenal,2597,Takehiro Tomiyasu,16.0,6.9,D,True,,,,,8.0,,6,1.0,,1.0
867966,Arsenal,1440,Rob Holding,,,D,True,,,,,,,,,,
867966,Arsenal,1161,Emile Smith Rowe,16.0,6.9,M,True,1.0,1.0,,,5.0,1.0,5,,,1.0
867966,Arsenal,1427,Albert Sambi Lokonga,2.0,,M,True,,,,,3.0,,3,,,
867966,Arsenal,1452,Mohamed Elneny,,,M,True,,,,,,,,,,
867966,Arsenal,41725,Fábio Vieira,,,M,True,,,,,,,,,,
867966,Arsenal,1468,Edward Nketiah,15.0,6.2,F,True,1.0,1.0,,,6.0,1.0,6,,1.0,
867975,West Ham,2997,Łukasz Fabiański,90.0,6.2,G,False,,,,,26.0,,21,,,3.0
867975,West Ham,1231,Vladimír Coufal,75.0,6.7,D,False,,,,,21.0,1.0,17,,1.0,1.0
867975,West Ham,2726,Kurt Zouma,90.0,6.6,D,False,1.0,,,,69.0,,57,,2.0,3.0
867975,West Ham,261,Thilo Kehrer,90.0,6.3,D,False,,,,,63.0,,58,,2.0,2.0
867975,West Ham,18813,Aaron Cresswell,90.0,6.2,D,False,,,,,53.0,2.0,39,,1.0,3.0
867975,West Ham,1243,Tomáš Souček,90.0,7,M,False,2.0,2.0,,,39.0,,25,2.0,2.0,4.0
867975,West Ham,2937,Declan Rice,90.0,6.6,M,False,,,,,65.0,2.0,55,,3.0,5.0
867975,West Ham,19428,Jarrod Bowen,90.0,7.2,M,False,1.0,,,,28.0,1.0,23,3.0,,7.0
867975,West Ham,1697,Pablo Fornals,62.0,6.9,M,False,1.0,1.0,,,27.0,,22,,2.0,2.0
867975,West Ham,19361,Saïd Benrahma,75.0,6.2,M,False,1.0,,,,21.0,,15,1.0,,2.0
867975,West Ham,18819,Michail Antonio,74.0,6.7,F,False,,,,,10.0,1.0,7,,,3.0
867975,West Ham,253,Alphonse Aréola,,,G,True,,,,,,,,,,
867975,West Ham,18817,Angelo Ogbonna,,,D,True,,,,,,,,,,
867975,West Ham,171058,Harrison Ashby,,,D,True,,,,,,,,,,
867975,West Ham,18823,Ben Johnson,15.0,7,D,True,,,,,13.0,1.0,12,2.0,,2.0
867975,West Ham,18820,Conor Coventry,,,M,True,,,,,,,,,,
867975,West Ham,2473,Manuel Lanzini,15.0,6.5,M,True,,,,,19.0,,15,,,
867975,West Ham,19733,Flynn Downes,,,M,True,,,,,,,,,,
867975,West Ham,665,Maxwel Cornet,16.0,6.5,F,True,,,,,6.0,,6,,,
867975,West Ham,30544,Gianluca Scamacca,28.0,6.7,F,True,,,,,7.0,1.0,4,,,1.0
867975,Brighton,18959,Robert Sánchez,90.0,7.3,G,False,,,,,34.0,,17,,,2.0
867975,Brighton,537,Joël Veltman,90.0,7.6,D,False,,,,,60.0,,53,3.0,,5.0
867975,Brighton,18963,Lewis Dunk,90.0,7.3,D,False,,,,,47.0,,41,,1.0,2.0
867975,Brighton,19265,Adam Webster,90.0,7,D,False,1.0,,,,57.0,,43,,2.0,4.0
867975,Brighton,18973,Solly March,85.0,7.3,M,False,2.0,,,,37.0,,30,4.0,,8.0
867975,Brighton,18970,Pascal Groß,90.0,7.9,M,False,,,,1.0,41.0,2.0,33,4.0,1.0,6.0
867975,Brighton,6716,Alexis Mac Allister,90.0,7.9,M,False,2.0,1.0,1.0,,68.0,,60,2.0,2.0,4.0
867975,Brighton,116117,Moisés Caicedo,90.0,6.9,M,False,,,,,45.0,,41,3.0,,4.0
867975,Brighton,1946,Leandro Trossard,89.0,7.3,M,False,2.0,1.0,1.0,,32.0,2.0,24,,,
867975,Brighton,295,Adam Lallana,63.0,6.3,F,False,,,,,22.0,1.0,19,,,
867975,Brighton,1469,Danny Welbeck,90.0,7,F,False,,,,,28.0,1.0,24,,,2.0
867975,Brighton,18960,Jason Steele,,,G,True,,,,,,,,,,
867975,Brighton,138815,Tariq Lamptey,,,D,True,,,,,,,,,,
867975,Brighton,152953,Levi Colwill,,,D,True,,,,,,,,,,
867975,Brighton,46731,Pervis Estupiñán,27.0,6.6,D,True,,,,,9.0,2.0,7,,,1.0
867975,Brighton,17715,Steven Alzate,,,M,True,,,,,,,,,,
867975,Brighton,106835,Kaoru Mitoma,1.0,,M,True,,,,,,,,,,
867975,Brighton,1093,Enock Mwepu,10.0,6.7,M,True,,,,,5.0,,3,1.0,,1.0
867975,Brighton,19364,Neal Maupay,,,F,True,,,,,,,,,,
867975,Brighton,26475,Deniz Undav,,,F,True,,,,,,,,,,
867970,Leeds,20619,Illan Meslier,90.0,7.6,G,False,,,,,31.0,,15,,,
867970,Leeds,533,Rasmus Kristensen,90.0,7,D,False,,,,,37.0,1.0,27,2.0,2.0,3.0
867970,Leeds,26238,Robin Koch,90.0,6.9,D,False,,,,,31.0,,21,4.0,2.0,4.0
867970,Leeds,47302,Diego Llorente,90.0,7.2,D,False,1.0,,,,30.0,,24,2.0,2.0,5.0
867970,Leeds,64003,Pascal Struijk,90.0,7.2,D,False,,,,,26.0,1.0,26,4.0,1.0,8.0
867970,Leeds,1150,Tyler Adams,90.0,7.7,M,False,,,,,41.0,2.0,34,4.0,3.0,6.0
867970,Leeds,47341,Marc Roca,61.0,6.9,M,False,,,,,20.0,,16,3.0,,7.0
867970,Leeds,19329,Daniel James,70.0,7.3,M,False,1.0,,,,12.0,2.0,6,1.0,1.0,3.0
867970,Leeds,50739,Brenden Aaronson,83.0,7.7,M,False,2.0,2.0,1.0,,26.0,2.0,18,2.0,1.0,4.0
867970,Leeds,19128,Jack Harrison,82.0,8.3,M,False,2.0,2.0,1.0,1.0,27.0,1.0,14,1.0,2.0,5.0
867970,Leeds,935,Rodrigo,83.0,7.3,F,False,4.0,2.0,1.0,1.0,18.0,1.0,11,,,4.0
867970,Leeds,39105,Kristoffer Klaesson,,,G,True,,,,,,,,,,
867970,Leeds,153411,Cody Drameh,,,D,True,,,,,,,,,,
867970,Leeds,297187,Leo Fuhr Hjelde,,,D,True,,,,,,,,,,
867970,Leeds,3008,Mateusz Klich,11.0,6.3,M,True,,,,,1.0,,1,1.0,,1.0
867970,Leeds,19127,Adam Forshaw,29.0,6.7,M,True,,,,,6.0,,6,,,1.0
867970,Leeds,37161,Luis Sinisterra,20.0,6.2,F,True,,,,,8.0,,7,,2.0,2.0
867970,Leeds,153400,Sam Greenwood,8.0,6.3,F,True,,,,,3.0,,,2.0,,2.0
867970,Leeds,37724,Crysencio Summerville,,,M,True,,,,,,,,,,
867970,Leeds,19569,Joe Gelhardt,11.0,6.3,F,True,,,,,1.0,,1,,,3.0
867970,Chelsea,2986,Edouard Mendy,90.0,5.5,G,False,,,,,27.0,,23,,,
867970,Chelsea,19545,Reece James,90.0,7.2,D,False,1.0,1.0,,,47.0,1.0,41,4.0,3.0,8.0
867970,Chelsea,259,Thiago Silva,90.0,6.9,D,False,1.0,,,,71.0,,63,1.0,3.0,8.0
867970,Chelsea,318,Kalidou Koulibaly,84.0,6.9,D,False,1.0,1.0,,,73.0,,57,3.0,4.0,9.0
867970,Chelsea,2292,Ruben Loftus-Cheek,90.0,6.3,M,False,,,,,34.0,1.0,27,3.0,2.0,12.0
867970,Chelsea,19220,Mason Mount,77.0,7.2,M,False,1.0,1.0,,,30.0,4.0,24,3.0,,5.0
867970,Chelsea,2289,Jorginho,64.0,6.7,M,False,,,,,27.0,,23,3.0,1.0,6.0
867970,Chelsea,67972,Conor Gallagher,64.0,6.9,M,False,,,,,30.0,1.0,23,3.0,3.0,7.0
867970,Chelsea,47380,Marc Cucurella,90.0,7.3,M,False,2.0,,,,69.0,1.0,55,,1.0,4.0
867970,Chelsea,978,Kai Havertz,90.0,6.2,F,False,,,,,19.0,1.0,17,2.0,,6.0
867970,Chelsea,645,Raheem Sterling,87.0,6.5,F,False,1.0,,,,21.0,1.0,17,,,1.0
867970,Chelsea,2273,Kepa Arrizabalaga,,,G,True,,,,,,,,,,
867970,Chelsea,19720,Trevoh Chalobah,,,D,True,,,,,,,,,,
867970,Chelsea,2280,César Azpilicueta,3.0,,D,True,,,,,6.0,,6,,,2.0
867970,Chelsea,2279,Ethan Ampadu,,,D,True,,,,,,,,,,
867970,Chelsea,138935,Carney Chukwuemeka,,,M,True,,,,,,,,,,
867970,Chelsea,2933,Ben Chilwell,13.0,6.7,D,True,,,,,10.0,,8,,,1.0
867970,Chelsea,2298,Callum Hudson-Odoi,,,F,True,,,,,,,,,,
867970,Chelsea,548,Hakim Ziyech,26.0,6.7,M,True,,,,,18.0,2.0,12,,,2.0
867970,Chelsea,17,Christian Pulišić,26.0,6.3,M,True,,,,,12.0,,9,,,1.0
867973,Newcastle,18911,Nick Pope,90.0,7.6,G,False,,,,,23.0,,9,,,1.0
867973,Newcastle,169,Kieran Trippier,90.0,7.5,D,False,1.0,1.0,1.0,,26.0,,19,,1.0,2.0
867973,Newcastle,2806,Fabian Schär,90.0,6.3,D,False,,,,,34.0,,15,2.0,5.0,4.0
867973,Newcastle,38734,Sven Botman,90.0,6.5,D,False,1.0,,,,30.0,1.0,23,,1.0,1.0
867973,Newcastle,18961,Dan Burn,89.0,6.2,D,False,,,,,18.0,1.0,12,2.0,1.0,3.0
867973,Newcastle,1463,Joe Willock,70.0,6.7,M,False,,,,,20.0,1.0,13,2.0,,6.0
867973,Newcastle,10135,Bruno Guimarães,90.0,6.6,M,False,,,,,30.0,1.0,25,4.0,1.0,7.0
867973,Newcastle,723,Joelinton,90.0,7.5,M,False,,,,,27.0,2.0,23,3.0,3.0,6.0
867973,Newcastle,2507,Miguel Almirón,83.0,6.9,F,False,3.0,2.0,1.0,,19.0,1.0,14,,,
867973,Newcastle,2939,Callum Wilson,70.0,7,F,False,3.0,2.0,1.0,,13.0,,9,,1.0,2.0
867973,Newcastle,22173,Allan Saint-Maximin,90.0,8.3,F,False,2.0,1.0,,2.0,21.0,4.0,13,,,8.0
867973,Newcastle,18886,Martin Dúbravka,,,G,True,,,,,,,,,,
867973,Newcastle,18903,Matt Ritchie,,,M,True,,,,,,,,,,
867973,Newcastle,18894,Jamaal Lascelles,,,D,True,,,,,,,,,,
867973,Newcastle,2855,Emil Krafth,1.0,,D,True,,,,,,,,,,
867973,Newcastle,18901,Sean Longstaff,20.0,6.2,M,True,,,,,5.0,,3,,,
867973,Newcastle,138908,Elliot Anderson,,,M,True,,,,,,,,,,
867973,Newcastle,18873,Ryan Fraser,,,M,True,,,,,,,,,,
867973,Newcastle,19163,Jacob Murphy,16.0,6.3,M,True,,,,,,,,,,
867973,Newcastle,18931,Chris Wood,20.0,6.6,F,True,,,,,9.0,,7,,,2.0
867973,Manchester City,617,Ederson,90.0,6.2,G,False,,,,,26.0,,21,,,1.0
867973,Manchester City,627,Kyle Walker,90.0,6.2,D,False,,,,,55.0,,42,1.0,,6.0
867973,Manchester City,626,John Stones,90.0,6.3,D,False,,,,,53.0,,50,,,1.0
867973,Manchester City,18861,Nathan Aké,21.0,6.3,D,False,,,,,20.0,,18,,,
867973,Manchester City,855,João Cancelo,90.0,7.2,D,False,,,,,91.0,,77,,1.0,6.0
867973,Manchester City,629,Kevin De Bruyne,90.0,8.5,M,False,3.0,2.0,,1.0,37.0,4.0,25,3.0,,7.0
867973,Manchester City,44,Rodri,90.0,7.3,M,False,2.0,1.0,,1.0,119.0,1.0,107,1.0,,8.0
867973,Manchester City,633,İlkay Gündoğan,90.0,7.7,M,False,1.0,1.0,1.0,,47.0,4.0,40,1.0,3.0,3.0
867973,Manchester City,636,Bernardo Silva,90.0,8.2,F,False,1.0,1.0,1.0,1.0,31.0,3.0,27,2.0,,5.0
867973,Manchester City,1100,Erling Haaland,90.0,7.2,F,False,4.0,3.0,1.0,,17.0,1.0,13,,,5.0
867973,Manchester City,631,Phil Foden,90.0,7.3,F,False,1.0,1.0,,,50.0,2.0,44,1.0,,6.0
867973,Manchester City,25004,Stefan Ortega,,,G,True,,,,,,,,,,
867973,Manchester City,23,Sergio Gómez,,,M,True,,,,,,,,,,
867973,Manchester City,278129,Luke Mbete,,,D,True,,,,,,,,,,
867973,Manchester City,284230,Rico Lewis,,,D,True,,,,,,,,,,
867973,Manchester City,567,Rúben Dias,69.0,6.3,D,True,2.0,1.0,,,62.0,2.0,57,,1.0,3.0
867973,Manchester City,19130,Kalvin Phillips,,,M,True,,,,,,,,,,
867973,Manchester City,152982,Cole Palmer,,,M,True,,,,,,,,,,
867973,Manchester City,6009,Julián Álvarez,,,F,True,,,,,,,,,,
867973,Manchester City,635,Riyad Mahrez,,,F,True,,,,,,,,,,
867972,Manchester United,882,David De Gea,90.0,7.5,G,False,,,,,31.0,,7,,,1.0
867972,Manchester United,886,Diogo Dalot,86.0,7.2,D,False,,,,,22.0,2.0,15,3.0,3.0,5.0
867972,Manchester United,742,Raphaël Varane,90.0,7.2,D,False,,,,,23.0,1.0,16,4.0,2.0,6.0
867972,Manchester United,2467,Lisandro Martínez,90.0,7.2,D,False,,,,,22.0,,18,1.0,1.0,1.0
867972,Manchester United,37145,Tyrell Malacia,90.0,6.9,D,False,,,,,17.0,,15,5.0,1.0,6.0
867972,Manchester United,903,Scott McTominay,90.0,6.9,M,False,,,,,23.0,,19,3.0,2.0,7.0
867972,Manchester United,174,Christian Eriksen,86.0,6.6,M,False,2.0,1.0,,,23.0,,15,,,2.0
867972,Manchester United,18,Jadon Sancho,71.0,7.7,M,False,1.0,1.0,1.0,,22.0,1.0,19,1.0,,3.0
867972,Manchester United,1485,Bruno Fernandes,90.0,7.3,M,False,1.0,1.0,,,39.0,2.0,25,3.0,3.0,6.0
867972,Manchester United,153430,Anthony Elanga,45.0,6.9,M,False,1.0,,,1.0,11.0,1.0,9,1.0,,3.0
867972,Manchester United,909,Marcus Rashford,86.0,7.3,F,False,3.0,2.0,1.0,,13.0,,5,,,6.0
867972,Manchester United,2931,Tom Heaton,,,G,True,,,,,,,,,,
867972,Manchester United,18846,Aaron Wan-Bissaka,10.0,6.3,D,True,,,,,1.0,,,,,1.0
867972,Manchester United,2935,Harry Maguire,,,D,True,,,,,,,,,,
867972,Manchester United,891,Luke Shaw,,,D,True,,,,,,,,,,
867972,Manchester United,905,Fred,19.0,6.9,M,True,,,,,10.0,,5,3.0,,3.0
867972,Manchester United,547,Donny van de Beek,10.0,6.5,M,True,,,,,2.0,,2,,,
867972,Manchester United,874,Cristiano Ronaldo,10.0,6.7,F,True,1.0,,,,3.0,,1,,,2.0
867972,Manchester United,284324,Alejandro Garnacho,,,M,True,,,,,,,,,,
867972,Manchester United,908,Anthony Martial,45.0,7.3,F,True,,,,1.0,11.0,2.0,9,,,4.0
867972,Liverpool,280,Alisson,90.0,6.7,G,False,,,,,36.0,,32,,,
867972,Liverpool,283,Trent Alexander-Arnold,90.0,7.2,D,False,1.0,,,,58.0,2.0,46,3.0,,4.0
867972,Liverpool,284,Joe Gomez,90.0,6.9,D,False,,,,,101.0,,88,1.0,2.0,5.0
867972,Liverpool,290,Virgil van Dijk,90.0,6.9,D,False,,,,,92.0,,77,,3.0,6.0
867972,Liverpool,289,Andrew Robertson,85.0,6.6,D,False,,,,,68.0,2.0,58,,,
867972,Liverpool,19035,Harvey Elliott,90.0,6.3,M,False,2.0,,,,55.0,2.0,48,,,2.0
867972,Liverpool,292,Jordan Henderson,59.0,7,M,False,1.0,,,,43.0,1.0,34,2.0,,3.0
867972,Liverpool,296,James Milner,73.0,6.7,M,False,1.0,,,,44.0,1.0,34,,,7.0
867972,Liverpool,306,Mohamed Salah,90.0,7.5,F,False,2.0,1.0,1.0,,24.0,4.0,16,1.0,,5.0
867972,Liverpool,302,Roberto Firmino,90.0,7,F,False,1.0,1.0,,,54.0,1.0,46,3.0,,7.0
867972,Liverpool,2489,Luis Díaz,90.0,6.3,F,False,2.0,1.0,,,41.0,,33,1.0,,9.0
867972,Liverpool,180316,Harvey Davies,,,G,True,,,,,,,,,,
867972,Liverpool,18812,Adrián,,,G,True,,,,,,,,,,
867972,Liverpool,127472,Nathaniel Phillips,,,D,True,,,,,,,,,,
867972,Liverpool,1600,Konstantinos Tsimikas,11.0,6.7,D,True,,,,,3.0,,3,1.0,1.0,1.0
867972,Liverpool,36922,Sepp van den Berg,,,D,True,,,,,,,,,,
867972,Liverpool,310187,Stefan Bajčetić,,,D,True,,,,,,,,,,
867972,Liverpool,153066,Fabio Carvalho,17.0,6.7,M,True,1.0,1.0,,,8.0,,8,,,1.0
867972,Liverpool,334729,Bobby Clark,,,M,True,,,,,,,,,,
867972,Liverpool,299,Fabinho,31.0,6.9,M,True,1.0,1.0,,,18.0,,17,1.0,,3.0
867984,Southampton,105971,Gavin Bazunu,90.0,7,G,False,,,,,29.0,1.0,15,,,
867984,Southampton,171,Kyle Walker-Peters,90.0,7.2,D,False,1.0,,,,31.0,1.0,22,1.0,3.0,5.0
867984,Southampton,25061,Armel Bella-Kotchap,90.0,7.9,D,False,3.0,,,,43.0,,35,2.0,2.0,9.0
867984,Southampton,47480,Mohammed Salisu,90.0,7.2,D,False,1.0,,,,45.0,,28,2.0,,6.0
867984,Southampton,2114,Moussa Djenepo,89.0,6.9,D,False,,,,,27.0,1.0,23,4.0,1.0,7.0
867984,Southampton,2938,James Ward-Prowse,90.0,7.6,M,False,,,,,54.0,4.0,41,1.0,5.0,5.0
867984,Southampton,282125,Roméo Lavia,90.0,7.3,M,False,1.0,,,,39.0,1.0,36,2.0,2.0,4.0
867984,Southampton,19484,Adam Armstrong,77.0,6.9,M,False,1.0,1.0,,,13.0,2.0,11,,,2.0
867984,Southampton,19825,Joe Aribo,89.0,6.9,M,False,1.0,1.0,,,21.0,1.0,17,1.0,,7.0
867984,Southampton,18946,Mohamed Elyounoussi,63.0,6.6,M,False,,,,,18.0,2.0,13,1.0,,1.0
867984,Southampton,19524,Che Adams,90.0,7.5,F,False,5.0,2.0,,,23.0,1.0,10,,,5.0
867984,Southampton,18935,Alex McCarthy,,,G,True,,,,,,,,,,
867984,Southampton,2999,Jan Bednarek,,,D,True,,,,,,,,,,
867984,Southampton,30476,Lyanco,8.0,6.2,D,True,,,,,2.0,,2,,,
867984,Southampton,18942,Yan Valery,,,D,True,,,,,,,,,,
867984,Southampton,20600,Romain Perraud,8.0,6.5,D,True,,,,,3.0,,2,,,
867984,Southampton,18949,Oriol Romeu,,,M,True,,,,,,,,,,
867984,Southampton,18945,Stuart Armstrong,27.0,7,M,True,,,,,14.0,1.0,10,3.0,,4.0
867984,Southampton,20557,Ibrahima Diallo,,,M,True,,,,,,,,,,
867984,Southampton,190686,Sékou Mara,13.0,6.9,F,True,2.0,1.0,,,2.0,,1,,,1.0
867984,Manchester United,882,David De Gea,90.0,7.9,G,False,,,,,26.0,,17,,,
867984,Manchester United,886,Diogo Dalot,90.0,8.2,D,False,,,,1.0,37.0,2.0,26,4.0,2.0,7.0
867984,Manchester United,742,Raphaël Varane,90.0,6.9,D,False,1.0,,,,61.0,,49,,,3.0
867984,Manchester United,2467,Lisandro Martínez,90.0,7.2,D,False,,,,,48.0,,33,,4.0,6.0
867984,Manchester United,37145,Tyrell Malacia,90.0,7.5,D,False,,,,,36.0,,31,3.0,3.0,5.0
867984,Manchester United,903,Scott McTominay,90.0,7,M,False,2.0,1.0,,,30.0,,23,2.0,,7.0
867984,Manchester United,174,Christian Eriksen,89.0,6.2,M,False,1.0,1.0,,,46.0,2.0,35,,,
867984,Manchester United,153430,Anthony Elanga,80.0,6.5,M,False,1.0,1.0,,,19.0,3.0,15,,,4.0
867984,Manchester United,1485,Bruno Fernandes,90.0,7.2,M,False,3.0,3.0,1.0,,38.0,,26,1.0,,3.0
867984,Manchester United,18,Jadon Sancho,68.0,6.9,M,False,,,,,26.0,,21,1.0,1.0,4.0
867984,Manchester United,909,Marcus Rashford,90.0,6.3,F,False,,,,,18.0,,13,2.0,,4.0
867984,Manchester United,2931,Tom Heaton,,,G,True,,,,,,,,,,
867984,Manchester United,2935,Harry Maguire,,,D,True,,,,,,,,,,
867984,Manchester United,891,Luke Shaw,,,D,True,,,,,,,,,,
867984,Manchester United,18846,Aaron Wan-Bissaka,,,D,True,,,,,,,,,,
867984,Manchester United,905,Fred,1.0,,M,True,,,,,1.0,,,,,
867984,Manchester United,547,Donny van de Beek,,,M,True,,,,,,,,,,
867984,Manchester United,747,Casemiro,10.0,6.6,M,True,,,,,8.0,,5,1.0,,4.0
867984,Manchester United,874,Cristiano Ronaldo,22.0,6.5,F,True,,,,,10.0,,5,,,3.0
867984,Manchester United,284324,Alejandro Garnacho,,,M,True,,,,,,,,,,
867981,Liverpool,280,Alisson,90.0,7.2,G,False,,,,,20.0,,18,,,
867981,Liverpool,283,Trent Alexander-Arnold,83.0,9,D,False,1.0,1.0,1.0,,95.0,3.0,83,2.0,2.0,2.0
867981,Liverpool,284,Joe Gomez,90.0,7.2,D,False,,,,,84.0,,73,,2.0,6.0
867981,Liverpool,290,Virgil van Dijk,90.0,8.3,D,False,2.0,1.0,1.0,,98.0,,88,1.0,1.0,10.0
867981,Liverpool,289,Andrew Robertson,69.0,7,D,False,1.0,,,1.0,58.0,1.0,51,,,3.0
867981,Liverpool,19035,Harvey Elliott,45.0,7.9,M,False,1.0,1.0,1.0,,36.0,1.0,31,,,2.0
867981,Liverpool,299,Fabinho,90.0,7.2,M,False,,,,,51.0,1.0,45,5.0,,7.0
867981,Liverpool,292,Jordan Henderson,70.0,7,M,False,,,,,61.0,,51,1.0,2.0,5.0
867981,Liverpool,306,Mohamed Salah,90.0,6,F,False,4.0,1.0,,,39.0,2.0,31,,,1.0
867981,Liverpool,302,Roberto Firmino,69.0,9.6,F,False,5.0,4.0,2.0,3.0,30.0,4.0,20,,1.0,1.0
867981,Liverpool,2489,Luis Díaz,90.0,8.7,F,False,2.0,2.0,2.0,,46.0,1.0,44,1.0,1.0,4.0
867981,Liverpool,180316,Harvey Davies,,,G,True,,,,,,,,,,
867981,Liverpool,18812,Adrián,,,G,True,,,,,,,,,,
867981,Liverpool,127472,Nathaniel Phillips,,,D,True,,,,,,,,,,
867981,Liverpool,1600,Konstantinos Tsimikas,21.0,7.7,D,True,,,,2.0,12.0,2.0,10,,,
867981,Liverpool,36922,Sepp van den Berg,,,D,True,,,,,,,,,,
867981,Liverpool,310187,Stefan Bajčetić,20.0,6.6,D,True,,,,,15.0,,12,,,2.0
867981,Liverpool,153066,Fabio Carvalho,45.0,7.2,M,True,1.0,1.0,1.0,,15.0,,13,2.0,,2.0
867981,Liverpool,296,James Milner,21.0,6.9,M,True,1.0,1.0,,,20.0,,18,,,
867981,Liverpool,334729,Bobby Clark,12.0,6.5,M,True,,,,,1.0,,1,,,
867981,Bournemouth,18860,Mark Travers,90.0,5.3,G,False,,,,,27.0,,14,,,
867981,Bournemouth,18869,Adam Smith,45.0,5.9,D,False,,,,,13.0,,10,4.0,,4.0
867981,Bournemouth,18866,Chris Mepham,82.0,4.9,D,False,,,,,34.0,,27,,,1.0
867981,Bournemouth,6610,Marcos Senesi,90.0,5.9,D,False,,,,,26.0,,22,4.0,2.0,4.0
867981,Bournemouth,19824,Jordan Zemura,90.0,5.9,D,False,,,,,26.0,1.0,17,5.0,4.0,5.0
867981,Bournemouth,18872,Lewis Cook,77.0,6.5,M,False,,,,,34.0,,24,2.0,1.0,3.0
867981,Bournemouth,2490,Jefferson Lerma,90.0,5.9,M,False,1.0,,,,33.0,,23,1.0,1.0,4.0
867981,Bournemouth,196855,Jaidon Anthony,90.0,5.3,M,False,1.0,1.0,,,18.0,,11,1.0,,1.0
867981,Bournemouth,1125,Ryan Christie,45.0,6.3,M,False,1.0,,,,10.0,1.0,9,1.0,1.0,2.0
867981,Bournemouth,19245,Marcus Tavernier,90.0,5.6,M,False,,,,,22.0,3.0,17,,,3.0
867981,Bournemouth,19804,Kieffer Moore,90.0,6.5,F,False,1.0,1.0,,,31.0,,18,1.0,,12.0
867981,Bournemouth,912,Neto,,,G,True,,,,,,,,,,
867981,Bournemouth,20093,James Hill,,,D,True,,,,,,,,,,
867981,Bournemouth,19769,Jack Stacey,,,D,True,,,,,,,,,,
867981,Bournemouth,382163,Owen Bevan,8.0,6.2,D,True,,,,,3.0,,2,,,
867981,Bournemouth,19454,Ben Pearson,5.0,,M,True,,,,,,,,,,
867981,Bournemouth,2734,Philip Billing,45.0,6.2,M,True,,,,,16.0,,11,1.0,2.0,3.0
867981,Bournemouth,19356,Emiliano Marcondes,8.0,6.3,M,True,,,,,1.0,,1,,,1.0
867981,Bournemouth,18883,Dominic Solanke,45.0,6.5,F,True,,,,,9.0,,5,,,3.0
867981,Bournemouth,180289,Christian Saydee,,,F,True,,,,,,,,,,
867980,Chelsea,2986,Edouard Mendy,90.0,7.2,G,False,,,,,27.0,,14,,,1.0
867980,Chelsea,19545,Reece James,90.0,8,D,False,1.0,,,1.0,58.0,2.0,53,1.0,1.0,5.0
867980,Chelsea,19720,Trevoh Chalobah,90.0,6.7,D,False,,,,,56.0,,49,,,1.0
867980,Chelsea,259,Thiago Silva,90.0,7.6,D,False,,,,,62.0,,54,5.0,,10.0
867980,Chelsea,47380,Marc Cucurella,89.0,6.9,D,False,,,,1.0,48.0,2.0,43,1.0,1.0,3.0
867980,Chelsea,2292,Ruben Loftus-Cheek,90.0,6.7,M,False,1.0,1.0,,,28.0,,23,1.0,,4.0
867980,Chelsea,67972,Conor Gallagher,28.0,5.3,M,False,,,,,29.0,,25,3.0,,3.0
867980,Chelsea,2289,Jorginho,75.0,6.7,M,False,,,,,54.0,,49,2.0,,2.0
867980,Chelsea,19220,Mason Mount,45.0,7.2,M,False,,,,,16.0,1.0,12,3.0,1.0,4.0
867980,Chelsea,978,Kai Havertz,90.0,6.3,F,False,,,,,31.0,,21,1.0,,7.0
867980,Chelsea,645,Raheem Sterling,75.0,8,F,False,3.0,3.0,2.0,,18.0,1.0,14,,,4.0
867980,Chelsea,2273,Kepa Arrizabalaga,,,G,True,,,,,,,,,,
867980,Chelsea,2280,César Azpilicueta,45.0,6.9,D,True,,,,,9.0,,8,,2.0,2.0
867980,Chelsea,2933,Ben Chilwell,1.0,,D,True,,,,,,,,,1.0,
867980,Chelsea,2279,Ethan Ampadu,,,D,True,,,,,,,,,,
867980,Chelsea,2291,Mateo Kovačić,15.0,6.7,M,True,,,,,6.0,,4,1.0,,2.0
867980,Chelsea,2298,Callum Hudson-Odoi,,,F,True,,,,,,,,,,
867980,Chelsea,138822,Armando Broja,,,F,True,,,,,,,,,,
867980,Chelsea,548,Hakim Ziyech,,,M,True,,,,,,,,,,
867980,Chelsea,17,Christian Pulišić,15.0,6.3,M,True,,,,,4.0,,3,,,
867980,Leicester,18146,Danny Ward,90.0,6.2,G,False,,,,,15.0,,13,,,
867980,Leicester,2920,Timothy Castagne,90.0,6.3,D,False,2.0,1.0,,,60.0,1.0,55,1.0,1.0,5.0
867980,Leicester,3421,Daniel Amartey,90.0,7.3,D,False,,,,,78.0,2.0,72,1.0,2.0,6.0
867980,Leicester,18772,Jonny Evans,90.0,6.9,D,False,,,,,71.0,,66,1.0,1.0,6.0
867980,Leicester,19760,James Justin,90.0,7.2,D,False,,,,,71.0,2.0,54,2.0,1.0,5.0
867980,Leicester,22233,Boubakary Soumaré,55.0,6.7,M,False,,,,,38.0,,36,2.0,,2.0
867980,Leicester,2925,Dennis Praet,55.0,6.2,M,False,,,,,14.0,,9,4.0,,4.0
867980,Leicester,2926,Youri Tielemans,89.0,8.9,M,False,,,,,71.0,6.0,66,6.0,1.0,8.0
867980,Leicester,148099,Kiernan Dewsbury-Hall,90.0,6.9,M,False,,,,,43.0,1.0,34,,1.0,4.0
867980,Leicester,18778,Harvey Barnes,90.0,7,M,False,4.0,3.0,1.0,,26.0,,20,,,3.0
867980,Leicester,18788,Jamie Vardy,90.0,5.7,F,False,3.0,1.0,,1.0,8.0,1.0,5,,,2.0
867980,Leicester,17736,Daniel Iversen,,,G,True,,,,,,,,,,
867980,Leicester,152969,Luke Thomas,,,D,True,,,,,,,,,,
867980,Leicester,18776,Çağlar Söyüncü,,,D,True,,,,,,,,,,
867980,Leicester,18786,Wilfred Ndidi,1.0,,M,True,,,,,2.0,,2,,,
867980,Leicester,18906,Ayoze Pérez,35.0,7.5,F,True,1.0,,,,14.0,2.0,14,,,2.0
867980,Leicester,18785,Nampalys Mendy,,,M,True,,,,,,,,,,
867980,Leicester,18777,Marc Albrighton,,,M,True,,,,,,,,,,
867980,Leicester,1098,Patson Daka,,,F,True,,,,,,,,,,
867980,Leicester,2778,Kelechi Iheanacho,35.0,6.7,F,True,2.0,,,,13.0,1.0,10,,,1.0
867982,Manchester City,617,Ederson,90.0,6.2,G,False,,,,,21.0,,21,,,
867982,Manchester City,627,Kyle Walker,90.0,6.9,D,False,,,,,113.0,1.0,106,,,2.0
867982,Manchester City,626,John Stones,90.0,7.3,D,False,1.0,,,1.0,100.0,1.0,99,3.0,,4.0
867982,Manchester City,567,Rúben Dias,90.0,6.6,D,False,,,,,112.0,,105,1.0,1.0,6.0
867982,Manchester City,855,João Cancelo,61.0,6.6,D,False,,,,,47.0,1.0,38,2.0,2.0,3.0
867982,Manchester City,636,Bernardo Silva,90.0,8.2,M,False,2.0,1.0,1.0,,56.0,5.0,50,,,4.0
867982,Manchester City,44,Rodri,90.0,7.3,M,False,,,,1.0,97.0,1.0,88,2.0,1.0,7.0
867982,Manchester City,635,Riyad Mahrez,61.0,7,M,False,,,,,45.0,1.0,43,1.0,,2.0
867982,Manchester City,629,Kevin De Bruyne,89.0,7,M,False,,,,,63.0,2.0,44,1.0,,1.0
867982,Manchester City,631,Phil Foden,90.0,7.5,M,False,2.0,,,1.0,52.0,3.0,47,2.0,1.0,3.0
867982,Manchester City,1100,Erling Haaland,84.0,9.2,F,False,7.0,3.0,3.0,,7.0,,6,,,1.0
867982,Manchester City,25004,Stefan Ortega,,,G,True,,,,,,,,,,
867982,Manchester City,23,Sergio Gómez,10.0,6.3,M,True,1.0,,,,9.0,,8,,,
867982,Manchester City,278128,Josh Wilson-Esbrand,,,D,True,,,,,,,,,,
867982,Manchester City,284230,Rico Lewis,,,D,True,,,,,,,,,,
867982,Manchester City,632,Claudio Gomes,,,M,True,,,,,,,,,,
867982,Manchester City,633,İlkay Gündoğan,29.0,7.2,M,True,1.0,1.0,,1.0,21.0,1.0,21,,,1.0
867982,Manchester City,152982,Cole Palmer,1.0,,M,True,,,,,7.0,,6,,,1.0
867982,Manchester City,144733,Ben Knight,,,M,True,,,,,,,,,,
867982,Manchester City,6009,Julián Álvarez,29.0,6.9,F,True,,,,,20.0,,20,,,4.0
867982,Crystal Palace,18835,Vicente Guaita,90.0,5.7,G,False,,,,,30.0,,18,,,
867982,Crystal Palace,18862,Nathaniel Clyne,74.0,6,D,False,,,,,18.0,,10,1.0,,1.0
867982,Crystal Palace,18847,Joel Ward,90.0,6,D,False,,,,,32.0,,21,1.0,1.0,4.0
867982,Crystal Palace,2729,Joachim Andersen,90.0,6.9,D,False,1.0,1.0,1.0,,40.0,,31,,,5.0
867982,Crystal Palace,67971,Marc Guéhi,90.0,6.2,D,False,,,,,31.0,,26,2.0,1.0,4.0
867982,Crystal Palace,182201,Tyrick Mitchell,57.0,6.2,D,False,,,,,11.0,,7,,,
867982,Crystal Palace,3428,Jordan Ayew,74.0,6.3,M,False,,,,,8.0,,7,2.0,,8.0
867982,Crystal Palace,3339,Cheick Doucouré,90.0,6.3,M,False,1.0,1.0,,,20.0,,18,1.0,1.0,2.0
867982,Crystal Palace,18843,Jeffrey Schlupp,90.0,6.5,M,False,,,,,16.0,,10,1.0,1.0,1.0
867982,Crystal Palace,19586,Eberechi Eze,90.0,6.3,M,False,,,,1.0,16.0,2.0,13,,,3.0
867982,Crystal Palace,1135,Odsonne Édouard,67.0,6.5,F,False,,,,,20.0,,17,,,2.0
867982,Crystal Palace,284549,Joseph Whitworth,,,G,True,,,,,,,,,,
867982,Crystal Palace,19143,Sam Johnstone,,,G,True,,,,,,,,,,
867982,Crystal Palace,126949,Chris Richards,33.0,5.9,D,True,,,,,13.0,,9,,1.0,
867982,Crystal Palace,18852,Luka Milivojević,,,M,True,,,,,,,,,,
867982,Crystal Palace,301295,Kaden Rodney,,,M,True,,,,,,,,,,
867982,Crystal Palace,18806,Will Hughes,23.0,6.5,M,True,,,,,7.0,,6,,,1.0
867982,Crystal Palace,328808,Malcolm Ebiowei,,,M,True,,,,,,,,,,
867982,Crystal Palace,19617,Michael Olise,16.0,6.3,M,True,,,,,,,,1.0,,1.0
867982,Crystal Palace,25927,Jean-Philippe Mateta,16.0,6.7,F,True,,,,,3.0,,3,,,2.0
867979,Brighton,18959,Robert Sánchez,90.0,7.2,G,False,,,,,28.0,,16,,,
867979,Brighton,537,Joël Veltman,70.0,6.3,D,False,,,,,20.0,,12,1.0,,6.0
867979,Brighton,19265,Adam Webster,90.0,7.3,D,False,3.0,,,,43.0,,37,,2.0,3.0
867979,Brighton,18963,Lewis Dunk,90.0,6.9,D,False,1.0,,,,46.0,1.0,35,,,1.0
867979,Brighton,46731,Pervis Estupiñán,79.0,6.6,D,False,1.0,,,,50.0,3.0,38,2.0,2.0,3.0
867979,Brighton,18973,Solly March,70.0,7,M,False,4.0,3.0,,,14.0,1.0,7,1.0,,7.0
867979,Brighton,6716,Alexis Mac Allister,90.0,6.6,M,False,,,,,30.0,1.0,22,4.0,,8.0
867979,Brighton,116117,Moisés Caicedo,90.0,6.9,M,False,,,,,41.0,,31,1.0,3.0,5.0
867979,Brighton,1946,Leandro Trossard,79.0,7.2,M,False,1.0,,,1.0,19.0,2.0,11,,,4.0
867979,Brighton,18970,Pascal Groß,90.0,8.2,F,False,2.0,1.0,1.0,,26.0,2.0,16,2.0,,2.0
867979,Brighton,1469,Danny Welbeck,88.0,6.9,F,False,,,,,16.0,2.0,12,1.0,,4.0
867979,Brighton,18960,Jason Steele,,,G,True,,,,,,,,,,
867979,Brighton,138815,Tariq Lamptey,20.0,6.7,D,True,,,,,2.0,,2,,,2.0
867979,Brighton,152953,Levi Colwill,11.0,6.6,D,True,,,,,6.0,,3,,2.0,1.0
867979,Brighton,38695,Jan Paul van Hecke,8.0,6.3,D,True,,,,,1.0,,1,,,
867979,Brighton,106835,Kaoru Mitoma,11.0,6.7,M,True,,,,,8.0,,5,2.0,,2.0
867979,Brighton,17715,Steven Alzate,,,M,True,,,,,,,,,,
867979,Brighton,1093,Enock Mwepu,20.0,6.5,M,True,,,,,3.0,,2,,,
867979,Brighton,26475,Deniz Undav,,,F,True,,,,,,,,,,
867979,Brighton,129643,Evan Ferguson,,,F,True,,,,,,,,,,
867979,Leeds,20619,Illan Meslier,90.0,6.9,G,False,,,,,34.0,,24,,1.0,
867979,Leeds,533,Rasmus Kristensen,90.0,6.9,D,False,,,,,37.0,,24,2.0,2.0,2.0
867979,Leeds,26238,Robin Koch,90.0,6.9,D,False,,,,,65.0,,49,2.0,3.0,5.0
867979,Leeds,47302,Diego Llorente,90.0,7,D,False,1.0,,,,76.0,,59,2.0,5.0,4.0
867979,Leeds,64003,Pascal Struijk,90.0,6.3,D,False,1.0,1.0,,,34.0,1.0,28,1.0,2.0,3.0
867979,Leeds,1150,Tyler Adams,90.0,6.7,M,False,,,,,59.0,1.0,48,4.0,,6.0
867979,Leeds,47341,Marc Roca,59.0,6.9,M,False,,,,,40.0,1.0,31,1.0,1.0,2.0
867979,Leeds,19329,Daniel James,59.0,6.9,M,False,,,,,11.0,,7,2.0,1.0,5.0
867979,Leeds,50739,Brenden Aaronson,82.0,6.3,M,False,,,,,20.0,,18,2.0,,7.0
867979,Leeds,19128,Jack Harrison,74.0,6.6,M,False,,,,,27.0,1.0,18,2.0,1.0,7.0
867979,Leeds,935,Rodrigo,90.0,7,F,False,2.0,1.0,,,28.0,,20,1.0,,3.0
867979,Leeds,39105,Kristoffer Klaesson,,,G,True,,,,,,,,,,
867979,Leeds,297187,Leo Fuhr Hjelde,,,D,True,,,,,,,,,,
867979,Leeds,153411,Cody Drameh,,,D,True,,,,,,,,,,
867979,Leeds,3008,Mateusz Klich,31.0,6.6,M,True,,,,,21.0,2.0,15,3.0,,4.0
867979,Leeds,19127,Adam Forshaw,16.0,6.6,M,True,,,,,9.0,1.0,7,,,1.0
867979,Leeds,37161,Luis Sinisterra,31.0,6.2,F,True,1.0,,,,8.0,,6,,,2.0
867979,Leeds,37724,Crysencio Summerville,,,M,True,,,,,,,,,,
867979,Leeds,19569,Joe Gelhardt,8.0,6.6,F,True,,,,,6.0,,5,,,2.0
867979,Leeds,153400,Sam Greenwood,,,F,True,,,,,,,,,,
867978,Brentford,19465,David Raya,90.0,7.5,G,False,,,,,33.0,,29,,,
867978,Brentford,44871,Aaron Hickey,90.0,6.7,D,False,,,,,49.0,1.0,45,2.0,,3.0
867978,Brentford,2731,Zanka,68.0,7.2,D,False,,,,,58.0,1.0,54,1.0,1.0,4.0
867978,Brentford,18917,Ben Mee,90.0,7.3,D,False,1.0,,,,64.0,,53,,4.0,8.0
867978,Brentford,19346,Rico Henry,90.0,6.9,D,False,,,,,29.0,2.0,21,1.0,1.0,3.0
867978,Brentford,19362,Joshua Dasilva,89.0,6.3,M,False,1.0,1.0,,,59.0,1.0,53,2.0,,5.0
867978,Brentford,30407,Christian Nørgaard,69.0,7.3,M,False,2.0,1.0,,,58.0,1.0,48,4.0,2.0,7.0
867978,Brentford,47438,Mathias Jensen,90.0,7.3,M,False,1.0,,,,61.0,4.0,41,3.0,,5.0
867978,Brentford,20589,Bryan Mbeumo,78.0,7,F,False,3.0,1.0,,,26.0,1.0,20,,,1.0
867978,Brentford,19974,Ivan Toney,90.0,6.5,F,False,2.0,,,,16.0,1.0,12,,,2.0
867978,Brentford,20649,Yoane Wissa,68.0,6.2,F,False,1.0,,,,5.0,,2,1.0,,3.0
867978,Brentford,1835,Thomas Strakosha,,,G,True,,,,,,,,,,
867978,Brentford,19345,Mads Bech Sørensen,1.0,,D,True,,,,,,,,,,
867978,Brentford,2699,Saman Ghoddos,,,F,True,,,,,,,,,,
867978,Brentford,15799,Frank Onyeka,,,M,True,,,,,,,,,,
867978,Brentford,15745,Mads Roerslev Rasmussen,,,D,True,,,,,,,,,,
867978,Brentford,20110,Shandon Baptiste,22.0,6.5,M,True,,,,,17.0,,15,,,1.0
867978,Brentford,15908,Mikkel Damsgaard,12.0,6.7,M,True,,,,,7.0,,7,,,1.0
867978,Brentford,25073,Vitaly Janelt,21.0,7.3,M,True,3.0,2.0,1.0,,23.0,,21,,,1.0
867978,Brentford,106725,Keane Lewis-Potter,22.0,7.3,F,True,1.0,,,1.0,9.0,3.0,8,,,1.0
867978,Everton,2932,Jordan Pickford,90.0,7.3,G,False,,,,,33.0,,13,,1.0,1.0
867978,Everton,19150,Mason Holgate,68.0,7,D,False,,,,,30.0,1.0,23,,1.0,3.0
867978,Everton,18741,Conor Coady,90.0,7.7,D,False,,,,1.0,46.0,1.0,41,,,5.0
867978,Everton,2936,James Tarkowski,90.0,7.7,D,False,2.0,1.0,,,41.0,,34,2.0,2.0,10.0
867978,Everton,138417,Nathan Patterson,90.0,7.5,M,False,1.0,,,,37.0,1.0,31,4.0,2.0,5.0
867978,Everton,162714,Amadou Onana,78.0,7.2,M,False,,,,,40.0,1.0,33,3.0,1.0,6.0
867978,Everton,1455,Alex Iwobi,90.0,7.3,M,False,1.0,1.0,,,42.0,1.0,39,5.0,,5.0
867978,Everton,2165,Vitaliy Mykolenko,86.0,6.3,M,False,1.0,1.0,,,25.0,1.0,21,1.0,1.0,2.0
867978,Everton,138787,Anthony Gordon,90.0,7.3,F,False,4.0,4.0,1.0,,28.0,,23,5.0,,6.0
867978,Everton,18929,Dwight McNeil,86.0,6.6,F,False,,,,,33.0,1.0,26,1.0,,4.0
867978,Everton,18781,Demarai Gray,90.0,6.9,F,False,,,,,16.0,2.0,12,,1.0,
867978,Everton,18858,Asmir Begović,,,G,True,,,,,,,,,,
867978,Everton,18758,Séamus Coleman,,,D,True,,,,,,,,,,
867978,Everton,2934,Michael Keane,22.0,6.2,D,True,,,,,4.0,,2,,,
867978,Everton,326,Allan,,,M,True,,,,,,,,,,
867978,Everton,18745,Rúben Vinagre,10.0,6.9,D,True,,,,,3.0,,1,1.0,,3.0
867978,Everton,284266,Lewis Warrington,,,M,True,,,,,,,,,,
867978,Everton,284187,Stanley Mills,,,M,True,,,,,,,,,,
867978,Everton,18762,Tom Davies,12.0,6.3,M,True,,,,,3.0,,2,,1.0,
867978,Everton,2461,Salomón Rondón,10.0,6.7,F,True,,,,,4.0,,1,,,2.0
867976,Arsenal,20355,Aaron Ramsdale,90.0,6.6,G,False,,,,,25.0,,17,,,
867976,Arsenal,19959,Benjamin White,90.0,6.9,D,False,,,,,62.0,,55,2.0,,3.0
867976,Arsenal,22090,William Saliba,90.0,7.5,D,False,,,,1.0,98.0,1.0,92,1.0,,3.0
867976,Arsenal,22224,Gabriel Magalhães,90.0,7.5,D,False,1.0,1.0,1.0,,82.0,1.0,76,3.0,1.0,6.0
867976,Arsenal,1117,Kieran Tierney,61.0,6.6,D,False,,,,,34.0,1.0,25,,2.0,
867976,Arsenal,1452,Mohamed Elneny,90.0,6.9,M,False,,,,,52.0,,51,1.0,,1.0
867976,Arsenal,1464,Granit Xhaka,90.0,6.9,M,False,1.0,,,,58.0,2.0,46,,1.0,2.0
867976,Arsenal,1460,Bukayo Saka,90.0,7,M,False,1.0,1.0,,1.0,44.0,2.0,37,,1.0,5.0
867976,Arsenal,37127,Martin Ødegaard,89.0,8.5,M,False,2.0,2.0,1.0,,71.0,2.0,59,3.0,,8.0
867976,Arsenal,127769,Gabriel Martinelli,90.0,8,M,False,3.0,2.0,,,32.0,5.0,27,4.0,,8.0
867976,Arsenal,643,Gabriel Jesus,89.0,7,F,False,2.0,1.0,,,30.0,2.0,20,,1.0,9.0
867976,Arsenal,50999,Matt Turner,,,G,True,,,,,,,,,,
867976,Arsenal,1440,Rob Holding,1.0,,D,True,,,,,,,,,,
867976,Arsenal,2597,Takehiro Tomiyasu,9.0,6.7,D,True,,,,,2.0,,,,1.0,1.0
867976,Arsenal,190,Cédric Soares,,,D,True,,,,,,,,,,
867976,Arsenal,1161,Emile Smith Rowe,,,M,True,,,,,,,,,,
867976,Arsenal,1427,Albert Sambi Lokonga,,,M,True,,,,,,,,,,
867976,Arsenal,41725,Fábio Vieira,,,M,True,,,,,,,,,,
867976,Arsenal,311520,Marquinhos,,,F,True,,,,,,,,,,
867976,Arsenal,1468,Edward Nketiah,29.0,6.9,F,True,2.0,1.0,,,5.0,,4,1.0,,5.0
867976,Fulham,1438,Bernd Leno,90.0,7.3,G,False,,,,,20.0,,14,,,1.0
867976,Fulham,657,Kenny Tete,79.0,7.3,D,False,,,,,23.0,,14,4.0,1.0,8.0
867976,Fulham,19145,Tosin Adarabioyo,90.0,6.6,D,False,,,,,28.0,,15,3.0,2.0,3.0
867976,Fulham,19023,Tim Ream,88.0,7,D,False,,,,,30.0,,21,2.0,5.0,6.0
867976,Fulham,19549,Antonee Robinson,90.0,7.2,D,False,,,,,22.0,,12,6.0,3.0,9.0
867976,Fulham,19480,Harrison Reed,90.0,6.2,M,False,,,,,20.0,2.0,13,,,
867976,Fulham,41104,João Palhinha,88.0,6.3,M,False,1.0,,,,13.0,,8,5.0,2.0,7.0
867976,Fulham,19004,Bobby Reid,90.0,7.2,M,False,2.0,,,,12.0,1.0,7,1.0,1.0,4.0
867976,Fulham,899,Andreas Pereira,79.0,6.2,M,False,1.0,,,,12.0,3.0,10,,,
867976,Fulham,19027,Neeskens Kebano,69.0,7,M,False,,,,,10.0,2.0,6,2.0,,4.0
867976,Fulham,2825,Aleksandar Mitrović,90.0,7.6,F,False,4.0,2.0,1.0,,18.0,1.0,8,1.0,,10.0
867976,Fulham,19657,Marek Rodák,,,G,True,,,,,,,,,,
867976,Fulham,18962,Shane Duffy,,,D,True,,,,,,,,,,
867976,Fulham,18814,Issa Diop,11.0,6.7,D,True,,,,,2.0,,2,,,2.0
867976,Fulham,946,Kevin Mbabu,11.0,6.2,D,True,,,,,3.0,,1,,,1.0
867976,Fulham,19025,Tom Cairney,21.0,6.3,M,True,,,,,7.0,,6,,,
867976,Fulham,129707,Tyrese Francois,,,M,True,,,,,,,,,,
867976,Fulham,153077,Luke Harris,,,M,True,,,,,,,,,,
867976,Fulham,18803,Nathaniel Chalobah,10.0,6.3,M,True,1.0,1.0,,,2.0,,1,,,1.0
867976,Fulham,191971,Jay Stansfield,10.0,6.3,F,True,,,,,1.0,,,,,
867985,Wolves,1590,José Sá,90.0,7.3,G,False,,,,,19.0,,8,,,1.0
867985,Wolves,130,Nélson Semedo,90.0,7.3,D,False,,,,,27.0,1.0,21,3.0,,7.0
867985,Wolves,19495,Nathan Collins,90.0,7,D,False,,,,,26.0,,16,1.0,2.0,4.0
867985,Wolves,18744,Max Kilman,90.0,6.9,D,False,,,,,27.0,,21,,1.0,3.0
867985,Wolves,18740,Jonny Otto,90.0,6.9,D,False,,,,,24.0,,17,3.0,,6.0
867985,Wolves,41621,Matheus Nunes,90.0,6.7,M,False,2.0,1.0,,,25.0,,17,2.0,,6.0
867985,Wolves,2676,Rúben Neves,90.0,8.2,M,False,1.0,1.0,1.0,,35.0,1.0,28,6.0,,8.0
867985,Wolves,2677,João Moutinho,89.0,7.2,M,False,,,,,31.0,1.0,21,5.0,1.0,7.0
867985,Wolves,925,Gonçalo Guedes,83.0,7.2,F,False,,,,1.0,18.0,2.0,9,2.0,,2.0
867985,Wolves,2887,Raúl Jiménez,90.0,6.6,F,False,1.0,1.0,,,10.0,,9,,,3.0
867985,Wolves,1864,Pedro Neto,84.0,6.3,F,False,2.0,1.0,,,16.0,1.0,14,,,1.0
867985,Wolves,19173,Matija Šarkić,,,G,True,,,,,,,,,,
867985,Wolves,195717,Yerson Mosquera,,,D,True,,,,,,,,,,
867985,Wolves,41606,Toti Gomes,,,D,True,,,,,,,,,,
867985,Wolves,21138,Rayan Aït Nouri,,,D,True,,,,,,,,,,
867985,Wolves,2922,Leander Dendoncker,1.0,,M,True,,,,,,,,,,
867985,Wolves,1605,Daniel Podence,17.0,6.5,M,True,,,,,4.0,,1,,,
867985,Wolves,24888,Hee-Chan Hwang,16.0,6.5,F,True,,,,,3.0,,2,,,
867985,Wolves,158432,Chem Campbell,,,M,True,,,,,,,,,,
867985,Wolves,18753,Adama Traoré,,,F,True,,,,,,,,,,
867985,Newcastle,18911,Nick Pope,90.0,6.9,G,False,,,,,16.0,,12,,,
867985,Newcastle,169,Kieran Trippier,90.0,7.5,D,False,,,,,50.0,2.0,38,2.0,,5.0
867985,Newcastle,2806,Fabian Schär,90.0,7.2,D,False,1.0,,,,64.0,3.0,51,2.0,1.0,5.0
867985,Newcastle,38734,Sven Botman,90.0,7.2,D,False,,,,,62.0,,56,,1.0,5.0
867985,Newcastle,18961,Dan Burn,65.0,6.9,D,False,,,,,28.0,,23,2.0,1.0,4.0
867985,Newcastle,1463,Joe Willock,84.0,6.3,M,False,2.0,,,,27.0,3.0,24,2.0,1.0,4.0
867985,Newcastle,18901,Sean Longstaff,90.0,6.7,M,False,,,,,55.0,,43,1.0,,1.0
867985,Newcastle,723,Joelinton,90.0,7.3,M,False,1.0,1.0,,,52.0,3.0,41,2.0,1.0,8.0
867985,Newcastle,2507,Miguel Almirón,83.0,6.6,F,False,,,,,29.0,,27,2.0,,4.0
867985,Newcastle,18931,Chris Wood,65.0,6.6,F,False,1.0,1.0,,,8.0,1.0,7,,,1.0
867985,Newcastle,22173,Allan Saint-Maximin,89.0,7.5,F,False,3.0,3.0,1.0,,32.0,1.0,25,,1.0,5.0
867985,Newcastle,18885,Karl Darlow,,,G,True,,,,,,,,,,
867985,Newcastle,18941,Matt Targett,25.0,6.9,D,True,,,,,15.0,,11,1.0,,2.0
867985,Newcastle,18903,Matt Ritchie,1.0,,M,True,,,,,,,,,,
867985,Newcastle,18894,Jamaal Lascelles,,,D,True,,,,,,,,,,
867985,Newcastle,18892,Paul Dummett,,,D,True,,,,,,,,,,
867985,Newcastle,18896,Javier Manquillo,,,D,True,,,,,,,,,,
867985,Newcastle,138908,Elliot Anderson,16.0,7,M,True,2.0,1.0,,,5.0,,4,1.0,,6.0
867985,Newcastle,18873,Ryan Fraser,25.0,6.9,M,True,,,,,9.0,2.0,9,,,1.0
867985,Newcastle,19163,Jacob Murphy,16.0,6.5,M,True,,,,,6.0,,5,,,
867977,Aston Villa,19599,Emiliano Martínez,90.0,6.5,G,False,,,,,34.0,,26,,,
867977,Aston Villa,19298,Matty Cash,90.0,7.2,D,False,1.0,,,,39.0,,30,5.0,3.0,8.0
867977,Aston Villa,19354,Ezri Konsa,90.0,6.9,D,False,,,,,70.0,,65,1.0,2.0,2.0
867977,Aston Villa,19016,Calum Chambers,90.0,6.9,D,False,,,,,70.0,,62,2.0,3.0,3.0
867977,Aston Villa,2724,Lucas Digne,90.0,6.9,D,False,,,,,63.0,3.0,42,1.0,,6.0
867977,Aston Villa,47522,Douglas Luiz,66.0,6.3,M,False,,,,,50.0,,43,,2.0,1.0
867977,Aston Villa,1904,Boubacar Kamara,90.0,6.7,M,False,,,,,72.0,1.0,67,3.0,,5.0
867977,Aston Villa,19191,John McGinn,89.0,7.3,M,False,1.0,,,,67.0,,60,3.0,1.0,4.0
867977,Aston Villa,147,Philippe Coutinho,66.0,7.2,M,False,1.0,1.0,,,36.0,2.0,29,1.0,,4.0
867977,Aston Villa,19366,Ollie Watkins,90.0,6.9,F,False,1.0,1.0,,,18.0,,16,,2.0,2.0
867977,Aston Villa,18955,Danny Ings,78.0,6.6,F,False,1.0,,,,14.0,,10,,,4.0
867977,Aston Villa,766,Robin Olsen,,,G,True,,,,,,,,,,
867977,Aston Villa,2852,Ludwig Augustinsson,,,D,True,,,,,,,,,,
867977,Aston Villa,894,Ashley Young,,,D,True,,,,,,,,,,
867977,Aston Villa,19192,Jacob Ramsey,24.0,6.6,M,True,1.0,1.0,,,17.0,1.0,16,,,1.0
867977,Aston Villa,19071,Emiliano Buendía,24.0,6.6,M,True,,,,,24.0,1.0,17,1.0,,2.0
867977,Aston Villa,284500,Tim Iroegbunam,,,M,True,,,,,,,,,,
867977,Aston Villa,76,Marvelous Nakamba,,,M,True,,,,,,,,,,
867977,Aston Villa,137302,Cameron Archer,1.0,,F,True,,,,,2.0,,2,,,
867977,Aston Villa,983,Leon Bailey,12.0,6.9,F,True,1.0,,,,6.0,,4,,,3.0
867977,West Ham,2997,Łukasz Fabiański,90.0,7.5,G,False,,,,,20.0,,15,,,
867977,West Ham,261,Thilo Kehrer,90.0,6.9,D,False,,,,,44.0,,38,1.0,2.0,2.0
867977,West Ham,2726,Kurt Zouma,90.0,7.5,D,False,,,,,45.0,,38,,,3.0
867977,West Ham,18813,Aaron Cresswell,90.0,7.3,D,False,,,,,55.0,,47,1.0,1.0,2.0
867977,West Ham,18823,Ben Johnson,23.0,6.7,M,False,,,,,9.0,,6,1.0,2.0,1.0
867977,West Ham,1243,Tomáš Souček,90.0,7.3,M,False,,,,,38.0,1.0,33,2.0,4.0,4.0
867977,West Ham,2937,Declan Rice,90.0,7.2,M,False,1.0,,,1.0,54.0,2.0,47,1.0,1.0,2.0
867977,West Ham,1697,Pablo Fornals,90.0,7.7,M,False,2.0,1.0,1.0,,38.0,,27,3.0,2.0,9.0
867977,West Ham,2284,Emerson Palmieri,45.0,6.6,M,False,,,,,22.0,,18,,1.0,1.0
867977,West Ham,19428,Jarrod Bowen,90.0,6.3,F,False,,,,,18.0,,12,3.0,,6.0
867977,West Ham,30544,Gianluca Scamacca,65.0,6.9,F,False,1.0,1.0,,,13.0,1.0,9,,,5.0
867977,West Ham,253,Alphonse Aréola,,,G,True,,,,,,,,,,
867977,West Ham,18817,Angelo Ogbonna,,,D,True,,,,,,,,,,
867977,West Ham,1231,Vladimír Coufal,67.0,6.9,D,True,,,,,35.0,,17,,3.0,1.0
867977,West Ham,2473,Manuel Lanzini,,,M,True,,,,,,,,,,
867977,West Ham,19733,Flynn Downes,,,M,True,,,,,,,,,,
867977,West Ham,18820,Conor Coventry,,,M,True,,,,,,,,,,
867977,West Ham,19361,Saïd Benrahma,45.0,6.9,F,True,1.0,,,,20.0,1.0,16,1.0,,3.0
867977,West Ham,18819,Michail Antonio,25.0,6.7,F,True,,,,,8.0,,6,,,2.0
867977,West Ham,665,Maxwel Cornet,,,F,True,,,,,,,,,,
867983,Nottingham Forest,19088,Dean Henderson,90.0,7.3,G,False,,,,,37.0,,23,,,
867983,Nottingham Forest,1746,Joe Worrall,90.0,8.2,D,False,1.0,,,,85.0,,79,3.0,2.0,7.0
867983,Nottingham Forest,18863,Steve Cook,75.0,6.6,D,False,,,,,43.0,1.0,36,1.0,5.0,5.0
867983,Nottingham Forest,44811,Scott McKenna,90.0,7.2,D,False,,,,,61.0,2.0,55,3.0,,3.0
867983,Nottingham Forest,138780,Neco Williams,90.0,7,M,False,2.0,,,,59.0,1.0,48,7.0,,8.0
867983,Nottingham Forest,19305,Ryan Yates,75.0,6.9,M,False,1.0,,,,46.0,1.0,42,1.0,1.0,3.0
867983,Nottingham Forest,20503,Lewis O'Brien,75.0,6.9,M,False,1.0,1.0,,,50.0,1.0,45,1.0,1.0,2.0
867983,Nottingham Forest,17365,Harry Toffolo,90.0,7.2,M,False,,,,,45.0,,35,2.0,2.0,7.0
867983,Nottingham Forest,129711,Brennan Johnson,89.0,7,F,False,1.0,,,,18.0,,13,1.0,2.0,6.0
867983,Nottingham Forest,18746,Morgan Gibbs-White,90.0,7,F,False,2.0,,,,51.0,2.0,38,1.0,,3.0
867983,Nottingham Forest,900,Jesse Lingard,69.0,6.9,F,False,,,,,29.0,3.0,28,,,3.0
867983,Nottingham Forest,18836,Wayne Hennessey,,,G,True,,,,,,,,,,
867983,Nottingham Forest,84081,Giulian Biancone,,,D,True,,,,,,,,,,
867983,Nottingham Forest,2991,Cheikhou Kouyaté,15.0,6.3,M,True,,,,,14.0,,13,1.0,,3.0
867983,Nottingham Forest,19299,Jack Colback,,,M,True,,,,,,,,,,
867983,Nottingham Forest,2807,Remo Freuler,15.0,6.5,M,True,1.0,,,,13.0,,12,,,
867983,Nottingham Forest,8598,Taiwo Awoniyi,15.0,6.3,F,True,,,,,6.0,1.0,5,,,
867983,Nottingham Forest,18884,Sam Surridge,8.0,6.3,F,True,,,,,1.0,,1,,,
867983,Nottingham Forest,80,Emmanuel Dennis,21.0,6.3,F,True,1.0,,,,10.0,,8,,,2.0
867983,Tottenham,159,Hugo Lloris,90.0,7.5,G,False,,,,,32.0,,21,,,
867983,Tottenham,168,Davinson Sánchez,90.0,7.3,D,False,,,,,58.0,,49,3.0,2.0,7.0
867983,Tottenham,175,Eric Dier,90.0,6.9,D,False,,,,,59.0,,51,,1.0,2.0
867983,Tottenham,164,Ben Davies,90.0,7.2,D,False,1.0,,,,33.0,,29,1.0,3.0,3.0
867983,Tottenham,1566,Emerson Royal,90.0,6.7,M,False,,,,,44.0,,36,2.0,,6.0
867983,Tottenham,2735,Pierre-Emile Højbjerg,90.0,8,M,False,1.0,,,,66.0,3.0,54,2.0,5.0,7.0
867983,Tottenham,863,Rodrigo Bentancur,89.0,6.9,M,False,,,,,50.0,,44,1.0,2.0,3.0
867983,Tottenham,207,Ivan Perišić,74.0,6.6,M,False,1.0,,,,19.0,,13,3.0,1.0,5.0
867983,Tottenham,30435,Dejan Kulusevski,83.0,7,F,False,1.0,,,1.0,31.0,3.0,26,,1.0,1.0
867983,Tottenham,186,Heung-min Son,74.0,6.6,F,False,2.0,1.0,,,16.0,3.0,11,,,1.0
867983,Tottenham,184,Harry Kane,90.0,8.5,F,False,5.0,4.0,2.0,,29.0,3.0,20,,,5.0
867983,Tottenham,18932,Fraser Forster,,,G,True,,,,,,,,,,
867983,Tottenham,133,Clément Lenglet,,,D,True,,,,,,,,,,
867983,Tottenham,149550,Japhet Tanganga,,,D,True,,,,,,,,,,
867983,Tottenham,19032,Ryan Sessegnon,16.0,6.2,M,True,,,,,5.0,,3,,1.0,
867983,Tottenham,18968,Yves Bissouma,16.0,6.9,M,True,,,,,9.0,,6,1.0,1.0,1.0
867983,Tottenham,19235,Djed Spence,8.0,6.6,D,True,1.0,1.0,,,,,,,,
867983,Tottenham,237129,Pape Matar Sarr,,,M,True,,,,,,,,,,
867983,Tottenham,18742,Matt Doherty,,,D,True,,,,,,,,,,
867983,Tottenham,2413,Richarlison,16.0,7.2,F,True,2.0,1.0,,1.0,11.0,1.0,9,,1.0,1.0
867988,Fulham,1438,Bernd Leno,90.0,6.6,G,False,,,,,29.0,1.0,22,,,
867988,Fulham,657,Kenny Tete,90.0,7,D,False,,,,,22.0,,15,3.0,1.0,6.0
867988,Fulham,19145,Tosin Adarabioyo,90.0,6.6,D,False,,,,,49.0,1.0,40,1.0,2.0,4.0
867988,Fulham,19023,Tim Ream,90.0,7.3,D,False,,,,,60.0,,57,1.0,1.0,2.0
867988,Fulham,19549,Antonee Robinson,90.0,7.2,D,False,,,,,31.0,1.0,22,3.0,,6.0
867988,Fulham,19480,Harrison Reed,89.0,6,M,False,,,,,31.0,,20,,,2.0
867988,Fulham,41104,João Palhinha,90.0,7.3,M,False,2.0,1.0,,,30.0,,24,8.0,1.0,11.0
867988,Fulham,19004,Bobby Reid,90.0,5.6,M,False,1.0,,,,16.0,,8,3.0,1.0,3.0
867988,Fulham,899,Andreas Pereira,78.0,7.2,M,False,1.0,,,,25.0,1.0,13,2.0,,4.0
867988,Fulham,19027,Neeskens Kebano,90.0,6.9,M,False,2.0,,,1.0,24.0,2.0,20,2.0,,5.0
867988,Fulham,2825,Aleksandar Mitrović,90.0,8,F,False,3.0,2.0,1.0,,20.0,2.0,11,2.0,,18.0
867988,Fulham,19657,Marek Rodák,,,G,True,,,,,,,,,,
867988,Fulham,18814,Issa Diop,,,D,True,,,,,,,,,,
867988,Fulham,946,Kevin Mbabu,,,D,True,,,,,,,,,,
867988,Fulham,19025,Tom Cairney,12.0,6.9,M,True,1.0,,,,7.0,,5,1.0,,3.0
867988,Fulham,129707,Tyrese Francois,,,M,True,,,,,,,,,,
867988,Fulham,18803,Nathaniel Chalobah,1.0,,M,True,,,,,,,,,,
867988,Fulham,153077,Luke Harris,,,M,True,,,,,,,,,,
867988,Fulham,174174,Terry Ablade,,,F,True,,,,,,,,,,
867988,Fulham,191971,Jay Stansfield,,,F,True,,,,,,,,,,
867988,Brighton,18959,Robert Sánchez,90.0,6.2,G,False,,,,,39.0,,34,,,
867988,Brighton,537,Joël Veltman,64.0,6.2,D,False,,,,,28.0,,24,1.0,1.0,2.0
867988,Brighton,18963,Lewis Dunk,90.0,6.7,D,False,,,,,95.0,,84,3.0,1.0,5.0
867988,Brighton,19265,Adam Webster,90.0,6.6,D,False,1.0,,,,104.0,,87,1.0,,7.0
867988,Brighton,18973,Solly March,90.0,6.5,M,False,1.0,,,,43.0,,34,1.0,1.0,6.0
867988,Brighton,116117,Moisés Caicedo,79.0,6.2,M,False,,,,,36.0,1.0,31,2.0,1.0,2.0
867988,Brighton,6716,Alexis Mac Allister,90.0,7.2,M,False,1.0,1.0,1.0,,40.0,,34,4.0,3.0,8.0
867988,Brighton,1093,Enock Mwepu,63.0,6.3,M,False,,,,,21.0,,16,3.0,,4.0
867988,Brighton,46731,Pervis Estupiñán,63.0,7,M,False,,,,,37.0,,32,1.0,1.0,5.0
867988,Brighton,18970,Pascal Groß,90.0,6.9,F,False,1.0,1.0,,,33.0,,24,2.0,1.0,4.0
867988,Brighton,1946,Leandro Trossard,90.0,7,F,False,1.0,1.0,,,23.0,1.0,20,1.0,,4.0
867988,Brighton,18960,Jason Steele,,,G,True,,,,,,,,,,
867988,Brighton,152953,Levi Colwill,,,D,True,,,,,,,,,,
867988,Brighton,38695,Jan Paul van Hecke,,,D,True,,,,,,,,,,
867988,Brighton,138815,Tariq Lamptey,26.0,6.9,D,True,,,,,12.0,1.0,6,1.0,2.0,6.0
867988,Brighton,17715,Steven Alzate,,,M,True,,,,,,,,,,
867988,Brighton,106835,Kaoru Mitoma,27.0,6.6,M,True,,,,,16.0,1.0,14,2.0,,2.0
867988,Brighton,70747,Julio Enciso,,,F,True,,,,,,,,,,
867988,Brighton,1469,Danny Welbeck,27.0,6.3,F,True,1.0,1.0,,,4.0,1.0,4,,,
867988,Brighton,26475,Deniz Undav,11.0,6.2,F,True,1.0,,,,2.0,,2,1.0,,1.0
867992,Crystal Palace,18835,Vicente Guaita,90.0,6.7,G,False,,,,,25.0,,14,,,
867992,Crystal Palace,18862,Nathaniel Clyne,90.0,7,D,False,,,,,37.0,2.0,32,4.0,,4.0
867992,Crystal Palace,2729,Joachim Andersen,90.0,7.3,D,False,,,,,69.0,1.0,54,1.0,1.0,6.0
867992,Crystal Palace,67971,Marc Guéhi,90.0,7.2,D,False,,,,,53.0,,48,3.0,2.0,4.0
867992,Crystal Palace,18847,Joel Ward,90.0,6.7,D,False,,,,,48.0,,36,1.0,1.0,2.0
867992,Crystal Palace,3339,Cheick Doucouré,90.0,7.9,M,False,,,,1.0,68.0,2.0,58,6.0,2.0,7.0
867992,Crystal Palace,19617,Michael Olise,80.0,7.7,M,False,4.0,1.0,,,40.0,1.0,31,1.0,1.0,5.0
867992,Crystal Palace,18843,Jeffrey Schlupp,76.0,6.7,M,False,2.0,2.0,,,29.0,,24,1.0,,3.0
867992,Crystal Palace,19586,Eberechi Eze,76.0,7.3,M,False,1.0,,,,35.0,2.0,30,2.0,1.0,4.0
867992,Crystal Palace,3247,Wilfried Zaha,90.0,6.9,M,False,2.0,1.0,1.0,,24.0,,18,1.0,,7.0
867992,Crystal Palace,25927,Jean-Philippe Mateta,54.0,6.9,F,False,1.0,,,,11.0,2.0,9,,,4.0
867992,Crystal Palace,19143,Sam Johnstone,,,G,True,,,,,,,,,,
867992,Crystal Palace,182201,Tyrick Mitchell,10.0,6.2,D,True,,,,,4.0,,3,,,
867992,Crystal Palace,126949,Chris Richards,,,D,True,,,,,,,,,,
867992,Crystal Palace,18852,Luka Milivojević,14.0,6.7,M,True,,,,,12.0,,11,1.0,1.0,1.0
867992,Crystal Palace,328808,Malcolm Ebiowei,,,M,True,,,,,,,,,,
867992,Crystal Palace,301295,Kaden Rodney,,,M,True,,,,,,,,,,
867992,Crystal Palace,270357,Killian Phillips,,,M,True,,,,,,,,,,
867992,Crystal Palace,3428,Jordan Ayew,14.0,6.7,F,True,,,,,4.0,1.0,3,,,2.0
867992,Crystal Palace,1135,Odsonne Édouard,36.0,6.3,F,True,,,,,13.0,,12,,,1.0
867992,Brentford,19465,David Raya,90.0,6.7,G,False,,,,,34.0,,23,,,
867992,Brentford,44871,Aaron Hickey,79.0,7.3,D,False,,,,,30.0,,24,6.0,1.0,9.0
867992,Brentford,2731,Zanka,90.0,6.5,D,False,1.0,,,,58.0,,48,2.0,3.0,4.0
867992,Brentford,18917,Ben Mee,90.0,6.6,D,False,2.0,,,,67.0,,54,1.0,1.0,3.0
867992,Brentford,19346,Rico Henry,90.0,6.2,D,False,1.0,1.0,,,38.0,1.0,32,,2.0,
867992,Brentford,20110,Shandon Baptiste,68.0,6.7,M,False,,,,,35.0,,30,,1.0,3.0
867992,Brentford,25073,Vitaly Janelt,90.0,7.5,M,False,,,,1.0,65.0,1.0,54,,4.0,4.0
867992,Brentford,47438,Mathias Jensen,79.0,7,M,False,,,,,43.0,2.0,33,3.0,,6.0
867992,Brentford,20589,Bryan Mbeumo,68.0,6.7,F,False,,,,,17.0,,12,,,1.0
867992,Brentford,19974,Ivan Toney,90.0,6.9,F,False,2.0,,,,23.0,2.0,16,2.0,1.0,8.0
867992,Brentford,106725,Keane Lewis-Potter,68.0,6.3,F,False,,,,,8.0,,4,,,
867992,Brentford,1835,Thomas Strakosha,,,G,True,,,,,,,,,,
867992,Brentford,19345,Mads Bech Sørensen,,,D,True,,,,,,,,,,
867992,Brentford,276263,Finley Stevens,,,D,True,,,,,,,,,,
867992,Brentford,15799,Frank Onyeka,22.0,6.7,M,True,,,,,17.0,1.0,16,,1.0,2.0
867992,Brentford,2699,Saman Ghoddos,11.0,6.7,F,True,,,,,11.0,,10,,,
867992,Brentford,15745,Mads Roerslev Rasmussen,,,D,True,,,,,,,,,,
867992,Brentford,19362,Joshua Dasilva,22.0,6.6,M,True,1.0,1.0,,,20.0,,18,,,2.0
867992,Brentford,15908,Mikkel Damsgaard,22.0,6.9,M,True,,,,,11.0,1.0,7,,,1.0
867992,Brentford,20649,Yoane Wissa,11.0,7.5,M,True,1.0,1.0,1.0,,5.0,,5,,,
867993,Southampton,105971,Gavin Bazunu,90.0,7,G,False,,,,,35.0,,15,,,1.0
867993,Southampton,171,Kyle Walker-Peters,90.0,6.7,D,False,,,,,25.0,,19,2.0,1.0,5.0
867993,Southampton,25061,Armel Bella-Kotchap,90.0,6.9,D,False,,,,,21.0,,10,2.0,1.0,4.0
867993,Southampton,47480,Mohammed Salisu,90.0,6.7,D,False,1.0,1.0,,,28.0,,16,2.0,1.0,4.0
867993,Southampton,20600,Romain Perraud,73.0,7.2,D,False,,,,1.0,8.0,2.0,5,2.0,5.0,4.0
867993,Southampton,20557,Ibrahima Diallo,90.0,6.3,M,False,,,,,20.0,1.0,13,1.0,,5.0
867993,Southampton,282125,Roméo Lavia,60.0,7,M,False,1.0,1.0,1.0,,23.0,,16,1.0,1.0,1.0
867993,Southampton,18946,Mohamed Elyounoussi,90.0,7.7,M,False,3.0,3.0,,,16.0,,9,7.0,2.0,8.0
867993,Southampton,2938,James Ward-Prowse,90.0,6.2,M,False,,,,,25.0,1.0,20,,1.0,1.0
867993,Southampton,19484,Adam Armstrong,86.0,7.2,M,False,2.0,2.0,1.0,,17.0,,9,1.0,1.0,3.0
867993,Southampton,19524,Che Adams,90.0,6.7,F,False,,,,,26.0,3.0,19,,,8.0
867993,Southampton,18935,Alex McCarthy,,,G,True,,,,,,,,,,
867993,Southampton,18942,Yan Valery,,,D,True,,,,,,,,,,
867993,Southampton,2999,Jan Bednarek,,,D,True,,,,,,,,,,
867993,Southampton,30476,Lyanco,10.0,6.6,D,True,,,,,1.0,,1,,,
867993,Southampton,19825,Joe Aribo,30.0,6.7,M,True,,,,,10.0,,4,,,1.0
867993,Southampton,2114,Moussa Djenepo,17.0,6.6,M,True,,,,,4.0,,2,1.0,,2.0
867993,Southampton,18769,Theo Walcott,,,F,True,,,,,,,,,,
867993,Southampton,18945,Stuart Armstrong,,,M,True,,,,,,,,,,
867993,Southampton,190686,Sékou Mara,,,F,True,,,,,,,,,,
867993,Chelsea,2986,Edouard Mendy,90.0,6.2,G,False,,,,,21.0,,21,,,
867993,Chelsea,2280,César Azpilicueta,66.0,7,D,False,,,,,50.0,1.0,38,2.0,2.0,6.0
867993,Chelsea,259,Thiago Silva,90.0,7.6,D,False,,,,,81.0,,70,,3.0,3.0
867993,Chelsea,318,Kalidou Koulibaly,90.0,6.6,D,False,,,,,73.0,,58,1.0,1.0,3.0
867993,Chelsea,47380,Marc Cucurella,90.0,7.2,D,False,,,,,58.0,,54,1.0,1.0,4.0
867993,Chelsea,2292,Ruben Loftus-Cheek,45.0,6.7,M,False,,,,,30.0,,23,1.0,2.0,4.0
867993,Chelsea,2289,Jorginho,66.0,7.2,M,False,,,,,45.0,,38,4.0,5.0,6.0
867993,Chelsea,548,Hakim Ziyech,90.0,7,M,False,1.0,,,,35.0,1.0,28,3.0,2.0,8.0
867993,Chelsea,19220,Mason Mount,90.0,7.3,M,False,,,,,39.0,2.0,29,3.0,,5.0
867993,Chelsea,645,Raheem Sterling,90.0,7.7,F,False,2.0,2.0,1.0,,27.0,2.0,20,,,5.0
867993,Chelsea,978,Kai Havertz,66.0,6.7,F,False,2.0,1.0,,,23.0,,17,1.0,,4.0
867993,Chelsea,2273,Kepa Arrizabalaga,,,G,True,,,,,,,,,,
867993,Chelsea,2291,Mateo Kovačić,45.0,7.2,M,True,,,,,43.0,1.0,39,3.0,3.0,3.0
867993,Chelsea,2279,Ethan Ampadu,,,D,True,,,,,,,,,,
867993,Chelsea,130423,Billy Gilmour,,,M,True,,,,,,,,,,
867993,Chelsea,138935,Carney Chukwuemeka,,,M,True,,,,,,,,,,
867993,Chelsea,274550,Harvey Vale,,,M,True,,,,,,,,,,
867993,Chelsea,2933,Ben Chilwell,24.0,7,D,True,,,,,16.0,,13,3.0,1.0,4.0
867993,Chelsea,138822,Armando Broja,24.0,6.3,F,True,1.0,1.0,,,5.0,,2,1.0,,3.0
867993,Chelsea,17,Christian Pulišić,24.0,6.7,M,True,,,,,15.0,,10,3.0,,4.0
867989,Leeds,20619,Illan Meslier,90.0,6.9,G,False,,,,,21.0,,12,,,1.0
867989,Leeds,533,Rasmus Kristensen,90.0,7.3,D,False,,,,,49.0,1.0,37,4.0,2.0,8.0
867989,Leeds,26238,Robin Koch,90.0,7.2,D,False,2.0,1.0,,,94.0,,77,1.0,1.0,7.0
867989,Leeds,47302,Diego Llorente,90.0,6.6,D,False,2.0,,,,87.0,,79,4.0,,7.0
867989,Leeds,64003,Pascal Struijk,90.0,7.2,D,False,,,,,82.0,1.0,73,4.0,3.0,9.0
867989,Leeds,1150,Tyler Adams,90.0,7.2,M,False,,,,,86.0,,76,4.0,2.0,8.0
867989,Leeds,47341,Marc Roca,90.0,7.5,M,False,,,,,70.0,2.0,58,3.0,3.0,8.0
867989,Leeds,37161,Luis Sinisterra,64.0,7.5,M,False,1.0,1.0,1.0,,29.0,1.0,25,1.0,,4.0
867989,Leeds,50739,Brenden Aaronson,76.0,7.3,M,False,1.0,1.0,,1.0,23.0,3.0,19,,,5.0
867989,Leeds,19128,Jack Harrison,90.0,6.2,M,False,2.0,1.0,,,59.0,3.0,47,1.0,,5.0
867989,Leeds,935,Rodrigo,31.0,6.2,F,False,1.0,,,,8.0,,6,,,
867989,Leeds,39105,Kristoffer Klaesson,,,G,True,,,,,,,,,,
867989,Leeds,153411,Cody Drameh,,,D,True,,,,,,,,,,
867989,Leeds,3008,Mateusz Klich,26.0,6.9,M,True,,,,,12.0,1.0,10,2.0,,2.0
867989,Leeds,19127,Adam Forshaw,,,M,True,,,,,,,,,,
867989,Leeds,19329,Daniel James,14.0,6.6,M,True,1.0,,,,1.0,,1,1.0,,1.0
867989,Leeds,153400,Sam Greenwood,,,F,True,,,,,,,,,,
867989,Leeds,37724,Crysencio Summerville,,,M,True,,,,,,,,,,
867989,Leeds,19134,Patrick Bamford,14.0,6.9,F,True,1.0,,,,8.0,,7,,,2.0
867989,Leeds,19569,Joe Gelhardt,45.0,6.2,F,True,2.0,1.0,,,15.0,,8,,,3.0
867989,Everton,2932,Jordan Pickford,90.0,7.3,G,False,,,,,29.0,,11,,,
867989,Everton,138417,Nathan Patterson,90.0,7.5,D,False,1.0,1.0,,,26.0,,16,8.0,2.0,11.0
867989,Everton,18741,Conor Coady,90.0,6.7,D,False,,,,,33.0,,26,,2.0,3.0
867989,Everton,2936,James Tarkowski,90.0,7.3,D,False,,,,,35.0,1.0,28,1.0,2.0,4.0
867989,Everton,2165,Vitaliy Mykolenko,90.0,6.7,D,False,,,,,39.0,,27,,3.0,1.0
867989,Everton,18762,Tom Davies,90.0,6.6,M,False,1.0,,,,25.0,,21,3.0,,5.0
867989,Everton,162714,Amadou Onana,90.0,6.3,M,False,,,,,30.0,,18,4.0,2.0,6.0
867989,Everton,1455,Alex Iwobi,90.0,6.6,M,False,,,,1.0,25.0,1.0,16,2.0,3.0,4.0
867989,Everton,18929,Dwight McNeil,90.0,7.3,F,False,1.0,,,,16.0,,13,8.0,3.0,12.0
867989,Everton,18781,Demarai Gray,90.0,6.2,F,False,,,,,11.0,,9,1.0,1.0,3.0
867989,Everton,138787,Anthony Gordon,90.0,7.3,F,False,1.0,1.0,1.0,,23.0,2.0,18,1.0,,4.0
867989,Everton,18858,Asmir Begović,,,G,True,,,,,,,,,,
867989,Everton,2934,Michael Keane,,,D,True,,,,,,,,,,
867989,Everton,284327,Reece Welch,,,D,True,,,,,,,,,,
867989,Everton,18758,Séamus Coleman,,,D,True,,,,,,,,,,
867989,Everton,326,Allan,,,M,True,,,,,,,,,,
867989,Everton,18765,André Gomes,,,M,True,,,,,,,,,,
867989,Everton,18745,Rúben Vinagre,,,D,True,,,,,,,,,,
867989,Everton,284187,Stanley Mills,,,M,True,,,,,,,,,,
867989,Everton,2461,Salomón Rondón,,,F,True,,,,,,,,,,
867986,Bournemouth,912,Neto,90.0,7.3,G,False,,,,,32.0,,24,,,1.0
867986,Bournemouth,18869,Adam Smith,90.0,7.2,D,False,,,,,26.0,,20,3.0,1.0,6.0
867986,Bournemouth,18866,Chris Mepham,90.0,7.2,D,False,,,,,31.0,,29,3.0,1.0,4.0
867986,Bournemouth,19263,Lloyd Kelly,90.0,7.9,D,False,,,,,39.0,,31,1.0,1.0,2.0
867986,Bournemouth,19824,Jordan Zemura,69.0,6.7,D,False,,,,,22.0,,14,1.0,1.0,4.0
867986,Bournemouth,19245,Marcus Tavernier,90.0,7.3,M,False,,,,,30.0,1.0,13,6.0,1.0,8.0
867986,Bournemouth,18872,Lewis Cook,90.0,6.7,M,False,,,,,35.0,,28,1.0,2.0,2.0
867986,Bournemouth,2490,Jefferson Lerma,90.0,7.3,M,False,1.0,,,,25.0,,24,2.0,1.0,5.0
867986,Bournemouth,1125,Ryan Christie,86.0,6.9,M,False,1.0,,,,26.0,1.0,21,6.0,,11.0
867986,Bournemouth,2734,Philip Billing,77.0,6.7,F,False,,,,,24.0,1.0,18,,,3.0
867986,Bournemouth,18883,Dominic Solanke,90.0,6.9,F,False,2.0,2.0,,,18.0,,12,,,7.0
867986,Bournemouth,18860,Mark Travers,,,G,True,,,,,,,,,,
867986,Bournemouth,18815,Ryan Fredericks,21.0,6.5,D,True,,,,,3.0,,1,,,1.0
867986,Bournemouth,20093,James Hill,,,D,True,,,,,,,,,,
867986,Bournemouth,19769,Jack Stacey,,,D,True,,,,,,,,,,
867986,Bournemouth,6610,Marcos Senesi,,,D,True,,,,,,,,,,
867986,Bournemouth,19356,Emiliano Marcondes,,,M,True,,,,,,,,,,
867986,Bournemouth,19866,Jamal Lowe,,,F,True,,,,,,,,,,
867986,Bournemouth,196855,Jaidon Anthony,11.0,6.2,F,True,,,,,2.0,,1,,,
867986,Bournemouth,19804,Kieffer Moore,13.0,6.7,F,True,,,,,7.0,,2,1.0,,3.0
867986,Wolves,1590,José Sá,90.0,7.2,G,False,,,,,20.0,,19,,,
867986,Wolves,130,Nélson Semedo,60.0,7,D,False,,,,,31.0,1.0,28,5.0,1.0,7.0
867986,Wolves,19495,Nathan Collins,90.0,7.5,D,False,,,,,88.0,2.0,87,2.0,,4.0
867986,Wolves,18744,Max Kilman,90.0,7.6,D,False,,,,,90.0,,81,3.0,,7.0
867986,Wolves,18740,Jonny Otto,90.0,7.3,D,False,1.0,,,,58.0,,49,3.0,,4.0
867986,Wolves,41621,Matheus Nunes,75.0,6.6,M,False,1.0,,,,29.0,1.0,24,1.0,,2.0
867986,Wolves,2676,Rúben Neves,90.0,7.7,M,False,,,,,92.0,,81,6.0,4.0,8.0
867986,Wolves,2677,João Moutinho,90.0,7.3,M,False,,,,,72.0,3.0,68,2.0,1.0,4.0
867986,Wolves,1864,Pedro Neto,90.0,7.3,F,False,2.0,,,,45.0,4.0,36,3.0,,4.0
867986,Wolves,2887,Raúl Jiménez,90.0,6.9,F,False,5.0,2.0,,,16.0,2.0,12,,,5.0
867986,Wolves,925,Gonçalo Guedes,75.0,6.9,F,False,2.0,1.0,,,23.0,,19,,,5.0
867986,Wolves,19173,Matija Šarkić,,,G,True,,,,,,,,,,
867986,Wolves,41606,Toti Gomes,,,D,True,,,,,,,,,,
867986,Wolves,61178,Connor Ronan,,,M,True,,,,,,,,,,
867986,Wolves,2922,Leander Dendoncker,,,M,True,,,,,,,,,,
867986,Wolves,21138,Rayan Aït Nouri,30.0,6.7,D,True,1.0,,,,21.0,,18,1.0,,2.0
867986,Wolves,1605,Daniel Podence,15.0,6.3,M,True,1.0,1.0,,,11.0,2.0,9,,,1.0
867986,Wolves,158432,Chem Campbell,,,M,True,,,,,,,,,,
867986,Wolves,18753,Adama Traoré,15.0,6.3,F,True,,,,,7.0,,7,,,1.0
867986,Wolves,24888,Hee-Chan Hwang,,,F,True,,,,,,,,,,
867987,Arsenal,20355,Aaron Ramsdale,90.0,6.7,G,False,,,,,18.0,,8,,,1.0
867987,Arsenal,19959,Benjamin White,65.0,6.9,D,False,,,,,58.0,1.0,54,,,1.0
867987,Arsenal,22090,William Saliba,90.0,6.7,D,False,,,,,62.0,1.0,55,1.0,,1.0
867987,Arsenal,22224,Gabriel Magalhães,90.0,7,D,False,1.0,1.0,,,45.0,,43,1.0,1.0,3.0
867987,Arsenal,1117,Kieran Tierney,90.0,6.9,D,False,2.0,1.0,,,46.0,,34,2.0,1.0,2.0
867987,Arsenal,37127,Martin Ødegaard,81.0,7.2,M,False,2.0,2.0,,,48.0,3.0,40,1.0,,4.0
867987,Arsenal,1427,Albert Sambi Lokonga,90.0,7.3,M,False,,,,,54.0,,50,,3.0,5.0
867987,Arsenal,1464,Granit Xhaka,90.0,6.9,M,False,,,,,59.0,2.0,49,1.0,,2.0
867987,Arsenal,1460,Bukayo Saka,88.0,7.3,F,False,1.0,,,1.0,28.0,3.0,26,,,7.0
867987,Arsenal,643,Gabriel Jesus,88.0,7,F,False,4.0,3.0,1.0,,19.0,1.0,14,,,8.0
867987,Arsenal,127769,Gabriel Martinelli,90.0,8,F,False,4.0,2.0,1.0,,36.0,2.0,30,1.0,1.0,6.0
867987,Arsenal,50999,Matt Turner,,,G,True,,,,,,,,,,
867987,Arsenal,190,Cédric Soares,,,D,True,,,,,,,,,,
867987,Arsenal,1440,Rob Holding,8.0,6.6,D,True,,,,,2.0,,2,1.0,,2.0
867987,Arsenal,2597,Takehiro Tomiyasu,25.0,6.9,D,True,,,,,18.0,1.0,13,2.0,2.0,3.0
867987,Arsenal,167658,Matthew Smith,,,M,True,,,,,,,,,,
867987,Arsenal,41725,Fábio Vieira,,,M,True,,,,,,,,,,
867987,Arsenal,1161,Emile Smith Rowe,9.0,6.6,M,True,,,,,7.0,1.0,6,,,
867987,Arsenal,311520,Marquinhos,,,F,True,,,,,,,,,,
867987,Arsenal,1468,Edward Nketiah,8.0,6.7,F,True,1.0,,,,4.0,,4,,,1.0
867987,Aston Villa,19599,Emiliano Martínez,90.0,7.2,G,False,,,,,28.0,,18,,1.0,2.0
867987,Aston Villa,19298,Matty Cash,90.0,6.3,D,False,,,,,27.0,1.0,22,1.0,2.0,1.0
867987,Aston Villa,19354,Ezri Konsa,90.0,6.6,D,False,,,,,37.0,,28,3.0,1.0,6.0
867987,Aston Villa,19179,Tyrone Mings,90.0,7.5,D,False,,,,,38.0,,28,1.0,1.0,1.0
867987,Aston Villa,2724,Lucas Digne,90.0,6.2,D,False,,,,,34.0,,25,1.0,3.0,4.0
867987,Aston Villa,19192,Jacob Ramsey,90.0,7,M,False,,,,,39.0,2.0,35,3.0,1.0,5.0
867987,Aston Villa,1904,Boubacar Kamara,83.0,6.9,M,False,,,,,34.0,,26,3.0,1.0,5.0
867987,Aston Villa,19191,John McGinn,73.0,6.2,M,False,,,,,23.0,,18,,,3.0
867987,Aston Villa,983,Leon Bailey,90.0,6.9,F,False,1.0,1.0,,,26.0,,17,1.0,1.0,5.0
867987,Aston Villa,19366,Ollie Watkins,90.0,6.3,F,False,,,,,17.0,,15,1.0,,3.0
867987,Aston Villa,19071,Emiliano Buendía,73.0,6.9,F,False,2.0,1.0,,,30.0,,23,2.0,,5.0
867987,Aston Villa,766,Robin Olsen,,,G,True,,,,,,,,,,
867987,Aston Villa,894,Ashley Young,,,D,True,,,,,,,,,,
867987,Aston Villa,19016,Calum Chambers,,,D,True,,,,,,,,,,
867987,Aston Villa,2852,Ludwig Augustinsson,,,D,True,,,,,,,,,,
867987,Aston Villa,147,Philippe Coutinho,17.0,6,M,True,,,,,8.0,,7,,,
867987,Aston Villa,284500,Tim Iroegbunam,,,M,True,,,,,,,,,,
867987,Aston Villa,47522,Douglas Luiz,17.0,7.2,M,True,1.0,1.0,1.0,,10.0,,8,,,1.0
867987,Aston Villa,137302,Cameron Archer,,,F,True,,,,,,,,,,
867987,Aston Villa,18955,Danny Ings,13.0,6.3,F,True,,,,,1.0,,1,,,
867995,Manchester City,617,Ederson,90.0,7.2,G,False,,,,,34.0,,30,,,
867995,Manchester City,627,Kyle Walker,90.0,7.2,D,False,,,,,116.0,,109,1.0,2.0,1.0
867995,Manchester City,626,John Stones,75.0,7.6,D,False,,,,1.0,84.0,1.0,81,,,3.0
867995,Manchester City,567,Rúben Dias,90.0,7.3,D,False,,,,,97.0,,88,1.0,,7.0
867995,Manchester City,855,João Cancelo,68.0,7.2,D,False,1.0,1.0,1.0,,63.0,,52,,,6.0
867995,Manchester City,633,İlkay Gündoğan,90.0,7.9,M,False,2.0,,,,110.0,4.0,106,2.0,,4.0
867995,Manchester City,44,Rodri,55.0,7.2,M,False,1.0,,,,80.0,2.0,78,,1.0,2.0
867995,Manchester City,636,Bernardo Silva,90.0,7.3,M,False,1.0,1.0,,1.0,49.0,1.0,47,1.0,,3.0
867995,Manchester City,6009,Julián Álvarez,90.0,9,M,False,4.0,3.0,2.0,,25.0,2.0,23,3.0,,4.0
867995,Manchester City,631,Phil Foden,55.0,6.9,M,False,,,,,25.0,2.0,19,,,1.0
867995,Manchester City,1100,Erling Haaland,69.0,9.2,F,False,4.0,3.0,3.0,,10.0,,6,1.0,,2.0
867995,Manchester City,25004,Stefan Ortega,,,G,True,,,,,,,,,,
867995,Manchester City,23,Sergio Gómez,22.0,6.9,M,True,,,,,18.0,,15,1.0,,1.0
867995,Manchester City,278128,Josh Wilson-Esbrand,,,D,True,,,,,,,,,,
867995,Manchester City,284230,Rico Lewis,15.0,6.9,D,True,,,,,14.0,,13,1.0,1.0,1.0
867995,Manchester City,632,Claudio Gomes,,,M,True,,,,,,,,,,
867995,Manchester City,629,Kevin De Bruyne,21.0,6.9,M,True,1.0,1.0,,,21.0,1.0,19,1.0,,2.0
867995,Manchester City,152982,Cole Palmer,35.0,6.6,M,True,,,,,16.0,,13,1.0,,4.0
867995,Manchester City,144733,Ben Knight,,,M,True,,,,,,,,,,
867995,Manchester City,635,Riyad Mahrez,35.0,6.7,F,True,1.0,,,,23.0,1.0,21,,1.0,1.0
867995,Nottingham Forest,19088,Dean Henderson,90.0,4.6,G,False,,,,,38.0,,20,,,
867995,Nottingham Forest,138780,Neco Williams,90.0,6.7,D,False,,,,,24.0,3.0,15,5.0,6.0,9.0
867995,Nottingham Forest,1746,Joe Worrall,90.0,5.9,D,False,,,,,36.0,,29,1.0,1.0,3.0
867995,Nottingham Forest,2991,Cheikhou Kouyaté,78.0,5.6,D,False,,,,,23.0,,19,,,
867995,Nottingham Forest,44811,Scott McKenna,90.0,6.3,D,False,,,,,23.0,,16,2.0,2.0,4.0
867995,Nottingham Forest,10122,Renan Lodi,69.0,5.5,D,False,1.0,,,,8.0,,6,,2.0,2.0
867995,Nottingham Forest,19305,Ryan Yates,69.0,6.3,M,False,,,,,17.0,,11,,,5.0
867995,Nottingham Forest,2807,Remo Freuler,90.0,6.2,M,False,,,,,25.0,,23,1.0,2.0,3.0
867995,Nottingham Forest,20503,Lewis O'Brien,90.0,6.3,M,False,,,,,14.0,2.0,9,1.0,1.0,4.0
867995,Nottingham Forest,129711,Brennan Johnson,58.0,6.2,F,False,1.0,,,,4.0,,4,,,
867995,Nottingham Forest,18746,Morgan Gibbs-White,58.0,6.7,F,False,1.0,1.0,,,8.0,,5,1.0,,2.0
867995,Nottingham Forest,18836,Wayne Hennessey,,,G,True,,,,,,,,,,
867995,Nottingham Forest,84081,Giulian Biancone,12.0,6.7,D,True,,,,,14.0,,13,1.0,,2.0
867995,Nottingham Forest,18863,Steve Cook,,,D,True,,,,,,,,,,
867995,Nottingham Forest,19299,Jack Colback,21.0,6.9,M,True,,,,,3.0,1.0,3,,,
867995,Nottingham Forest,17365,Harry Toffolo,21.0,6.3,D,True,1.0,,,,7.0,,6,,,
867995,Nottingham Forest,900,Jesse Lingard,,,M,True,,,,,,,,,,
867995,Nottingham Forest,18884,Sam Surridge,,,F,True,,,,,,,,,,
867995,Nottingham Forest,8598,Taiwo Awoniyi,32.0,6.3,F,True,1.0,,,,9.0,,7,1.0,,1.0
867995,Nottingham Forest,80,Emmanuel Dennis,32.0,6.3,F,True,,,,,8.0,,6,1.0,,2.0
867991,West Ham,2997,Łukasz Fabiański,90.0,6.9,G,False,,,,,21.0,,10,,,
867991,West Ham,1231,Vladimír Coufal,90.0,7,D,False,,,,,28.0,2.0,23,,1.0,1.0
867991,West Ham,261,Thilo Kehrer,90.0,6.2,D,False,,,,,44.0,,36,,,3.0
867991,West Ham,2726,Kurt Zouma,90.0,6.9,D,False,1.0,,,,29.0,,26,1.0,,5.0
867991,West Ham,18813,Aaron Cresswell,72.0,7.2,D,False,,,,,32.0,,29,,,2.0
867991,West Ham,2937,Declan Rice,90.0,7.3,M,False,1.0,1.0,,,65.0,1.0,62,4.0,1.0,5.0
867991,West Ham,1243,Tomáš Souček,90.0,8.3,M,False,3.0,1.0,1.0,,37.0,,33,4.0,2.0,7.0
867991,West Ham,19428,Jarrod Bowen,90.0,6.9,M,False,3.0,,,,13.0,2.0,10,1.0,1.0,7.0
867991,West Ham,19361,Saïd Benrahma,67.0,6.7,M,False,1.0,1.0,,,25.0,3.0,23,,,
867991,West Ham,1697,Pablo Fornals,85.0,6.9,M,False,2.0,1.0,,,45.0,1.0,36,1.0,,3.0
867991,West Ham,18819,Michail Antonio,90.0,7.3,F,False,1.0,,,1.0,13.0,1.0,7,,2.0,5.0
867991,West Ham,19229,Darren Randolph,,,G,True,,,,,,,,,,
867991,West Ham,253,Alphonse Aréola,,,G,True,,,,,,,,,,
867991,West Ham,18817,Angelo Ogbonna,18.0,7,D,True,,,,,3.0,1.0,2,1.0,,1.0
867991,West Ham,2284,Emerson Palmieri,10.0,6.3,D,True,,,,,5.0,,4,,,
867991,West Ham,19733,Flynn Downes,,,M,True,,,,,,,,,,
867991,West Ham,18820,Conor Coventry,,,M,True,,,,,,,,,,
867991,West Ham,1646,Lucas Paquetá,23.0,6.5,M,True,,,,,9.0,,6,1.0,,2.0
867991,West Ham,2473,Manuel Lanzini,,,M,True,,,,,,,,,,
867991,West Ham,665,Maxwel Cornet,,,F,True,,,,,,,,,,
867991,Tottenham,159,Hugo Lloris,90.0,6.9,G,False,,,,,35.0,,30,,,2.0
867991,Tottenham,168,Davinson Sánchez,90.0,7.3,D,False,1.0,,,,91.0,,80,2.0,3.0,6.0
867991,Tottenham,175,Eric Dier,90.0,6.9,D,False,,,,,110.0,,104,1.0,1.0,2.0
867991,Tottenham,164,Ben Davies,90.0,6.7,D,False,,,,,55.0,2.0,50,,,2.0
867991,Tottenham,1566,Emerson Royal,90.0,7.2,M,False,2.0,1.0,,,32.0,,28,3.0,1.0,7.0
867991,Tottenham,2735,Pierre-Emile Højbjerg,90.0,7.2,M,False,1.0,1.0,,,90.0,1.0,84,,,
867991,Tottenham,18968,Yves Bissouma,90.0,6.6,M,False,,,,,88.0,,83,,1.0,
867991,Tottenham,207,Ivan Perišić,90.0,7.2,M,False,,,,,38.0,3.0,30,,,2.0
867991,Tottenham,30435,Dejan Kulusevski,76.0,6.7,F,False,,,,,22.0,2.0,19,1.0,,3.0
867991,Tottenham,186,Heung-min Son,90.0,6.5,F,False,,,,,17.0,,15,,,2.0
867991,Tottenham,184,Harry Kane,90.0,7.2,F,False,1.0,1.0,,,37.0,,27,,,2.0
867991,Tottenham,18932,Fraser Forster,,,G,True,,,,,,,,,,
867991,Tottenham,133,Clément Lenglet,,,D,True,,,,,,,,,,
867991,Tottenham,149550,Japhet Tanganga,,,D,True,,,,,,,,,,
867991,Tottenham,19032,Ryan Sessegnon,,,M,True,,,,,,,,,,
867991,Tottenham,180,Oliver Skipp,,,M,True,,,,,,,,,,
867991,Tottenham,19235,Djed Spence,,,D,True,,,,,,,,,,
867991,Tottenham,237129,Pape Matar Sarr,,,M,True,,,,,,,,,,
867991,Tottenham,18742,Matt Doherty,,,D,True,,,,,,,,,,
867991,Tottenham,2413,Richarlison,14.0,6.9,F,True,,,,,6.0,1.0,5,,,1.0
867994,Liverpool,280,Alisson,90.0,6.7,G,False,,,,,36.0,,26,,,
867994,Liverpool,283,Trent Alexander-Arnold,71.0,6.7,D,False,1.0,,,,46.0,1.0,34,,,1.0
867994,Liverpool,284,Joe Gomez,90.0,6.6,D,False,1.0,,,,96.0,,77,2.0,1.0,10.0
867994,Liverpool,290,Virgil van Dijk,90.0,6.9,D,False,1.0,1.0,,,87.0,1.0,74,,3.0,1.0
867994,Liverpool,289,Andrew Robertson,71.0,6.9,D,False,,,,,43.0,3.0,39,1.0,,2.0
867994,Liverpool,19035,Harvey Elliott,90.0,6.9,M,False,1.0,1.0,,,45.0,1.0,38,,,6.0
867994,Liverpool,299,Fabinho,90.0,6.9,M,False,2.0,,,,88.0,,79,1.0,,2.0
867994,Liverpool,292,Jordan Henderson,71.0,6.9,M,False,,,,,45.0,1.0,40,1.0,1.0,2.0
867994,Liverpool,306,Mohamed Salah,90.0,7.6,F,False,1.0,,,2.0,21.0,6.0,19,,,6.0
867994,Liverpool,302,Roberto Firmino,90.0,7.7,F,False,1.0,1.0,1.0,,40.0,2.0,33,1.0,,4.0
867994,Liverpool,2489,Luis Díaz,90.0,6.9,F,False,4.0,2.0,,,37.0,,28,,,4.0
867994,Liverpool,180316,Harvey Davies,,,G,True,,,,,,,,,,
867994,Liverpool,18812,Adrián,,,G,True,,,,,,,,,,
867994,Liverpool,310187,Stefan Bajčetić,,,D,True,,,,,,,,,,
867994,Liverpool,286,Joël Matip,,,D,True,,,,,,,,,,
867994,Liverpool,127472,Nathaniel Phillips,,,D,True,,,,,,,,,,
867994,Liverpool,1600,Konstantinos Tsimikas,19.0,6.9,D,True,,,,,13.0,1.0,12,,,1.0
867994,Liverpool,293,Curtis Jones,,,M,True,,,,,,,,,,
867994,Liverpool,153066,Fabio Carvalho,19.0,7.3,M,True,2.0,1.0,1.0,,9.0,,7,,,1.0
867994,Liverpool,296,James Milner,19.0,7,M,True,,,,,19.0,1.0,17,1.0,1.0,3.0
867994,Newcastle,18911,Nick Pope,90.0,6.7,G,False,,,,,36.0,,11,,,1.0
867994,Newcastle,169,Kieran Trippier,90.0,6.9,D,False,1.0,1.0,,,30.0,,22,1.0,,3.0
867994,Newcastle,18894,Jamaal Lascelles,90.0,6.9,D,False,,,,,11.0,,9,1.0,,4.0
867994,Newcastle,18961,Dan Burn,90.0,6.9,D,False,,,,,18.0,,10,3.0,4.0,5.0
867994,Newcastle,18941,Matt Targett,90.0,7.5,D,False,,,,,27.0,2.0,20,3.0,3.0,8.0
867994,Newcastle,1463,Joe Willock,90.0,7,M,False,,,,,15.0,1.0,13,3.0,2.0,5.0
867994,Newcastle,18901,Sean Longstaff,90.0,7.3,M,False,,,,1.0,28.0,1.0,19,1.0,2.0,3.0
867994,Newcastle,723,Joelinton,90.0,7.2,M,False,,,,,38.0,,27,5.0,3.0,12.0
867994,Newcastle,2507,Miguel Almirón,84.0,6.7,F,False,,,,,15.0,,11,1.0,,2.0
867994,Newcastle,2864,Alexander Isak,64.0,7.2,F,False,2.0,1.0,1.0,,10.0,,7,2.0,1.0,4.0
867994,Newcastle,18873,Ryan Fraser,64.0,6.9,F,False,1.0,,,,16.0,,8,,,3.0
867994,Newcastle,18885,Karl Darlow,,,G,True,,,,,,,,,,
867994,Newcastle,18896,Javier Manquillo,,,D,True,,,,,,,,,,
867994,Newcastle,19076,Jamal Lewis,,,D,True,,,,,,,,,,
867994,Newcastle,18903,Matt Ritchie,,,M,True,,,,,,,,,,
867994,Newcastle,38734,Sven Botman,,,D,True,,,,,,,,,,
867994,Newcastle,2806,Fabian Schär,,,D,True,,,,,,,,,,
867994,Newcastle,19163,Jacob Murphy,26.0,6.2,M,True,,,,,2.0,,2,2.0,,2.0
867994,Newcastle,138908,Elliot Anderson,15.0,6.5,M,True,,,,,1.0,,,1.0,,2.0
867994,Newcastle,18931,Chris Wood,26.0,6.6,F,True,1.0,,,,9.0,,4,,,4.0
867990,Leicester,18146,Danny Ward,90.0,6.6,G,False,,,,,55.0,,46,,,
867990,Leicester,19760,James Justin,90.0,7.3,D,False,1.0,,,,55.0,,42,1.0,3.0,7.0
867990,Leicester,18786,Wilfred Ndidi,90.0,7.2,D,False,,,,,90.0,,81,2.0,3.0,4.0
867990,Leicester,18772,Jonny Evans,90.0,7.6,D,False,,,,,93.0,,80,2.0,7.0,6.0
867990,Leicester,152969,Luke Thomas,90.0,6.9,D,False,,,,,51.0,,43,2.0,,6.0
867990,Leicester,22233,Boubakary Soumaré,90.0,6.9,M,False,,,,,48.0,,40,5.0,,10.0
867990,Leicester,18784,James Maddison,90.0,6.9,M,False,2.0,1.0,,,45.0,2.0,35,2.0,1.0,6.0
867990,Leicester,2926,Youri Tielemans,76.0,7,M,False,,,,,65.0,2.0,53,3.0,1.0,4.0
867990,Leicester,148099,Kiernan Dewsbury-Hall,90.0,7.6,M,False,1.0,1.0,,,48.0,2.0,35,4.0,1.0,8.0
867990,Leicester,18778,Harvey Barnes,90.0,5.7,M,False,2.0,,,,25.0,,19,,1.0,2.0
867990,Leicester,18788,Jamie Vardy,87.0,6.7,F,False,,,,,14.0,,7,,,5.0
867990,Leicester,17736,Daniel Iversen,,,G,True,,,,,,,,,,
867990,Leicester,18776,Çağlar Söyüncü,,,D,True,,,,,,,,,,
867990,Leicester,2920,Timothy Castagne,,,D,True,,,,,,,,,,
867990,Leicester,18777,Marc Albrighton,,,M,True,,,,,,,,,,
867990,Leicester,138929,Lewis Brunt,,,M,True,,,,,,,,,,
867990,Leicester,18906,Ayoze Pérez,,,F,True,,,,,,,,,,
867990,Leicester,2778,Kelechi Iheanacho,14.0,6.7,F,True,1.0,,,,4.0,,4,,,
867990,Leicester,1098,Patson Daka,8.0,6.7,F,True,,,,,2.0,1.0,2,,,
867990,Leicester,2925,Dennis Praet,,,M,True,,,,,,,,,,
867990,Manchester United,882,David De Gea,90.0,7.2,G,False,,,,,31.0,,16,,,1.0
867990,Manchester United,886,Diogo Dalot,90.0,7.5,D,False,,,,,54.0,1.0,43,5.0,1.0,7.0
867990,Manchester United,742,Raphaël Varane,90.0,7.3,D,False,,,,,54.0,,47,2.0,1.0,6.0
867990,Manchester United,2467,Lisandro Martínez,90.0,6.9,D,False,,,,,44.0,,36,,,1.0
867990,Manchester United,37145,Tyrell Malacia,90.0,6.7,D,False,,,,,38.0,,28,,1.0,2.0
867990,Manchester United,903,Scott McTominay,90.0,6.6,M,False,,,,,40.0,1.0,33,2.0,2.0,8.0
867990,Manchester United,174,Christian Eriksen,90.0,6.9,M,False,2.0,1.0,,,59.0,,48,,,1.0
867990,Manchester United,153430,Anthony Elanga,59.0,6.5,M,False,1.0,,,,21.0,,17,1.0,1.0,2.0
867990,Manchester United,1485,Bruno Fernandes,90.0,7,M,False,,,,,59.0,3.0,44,3.0,,6.0
867990,Manchester United,18,Jadon Sancho,68.0,7.3,M,False,1.0,1.0,1.0,,29.0,,24,,1.0,2.0
867990,Manchester United,909,Marcus Rashford,87.0,7.2,F,False,1.0,,,1.0,38.0,2.0,27,,,4.0
867990,Manchester United,2931,Tom Heaton,,,G,True,,,,,,,,,,
867990,Manchester United,138804,Matej Kovar,,,G,True,,,,,,,,,,
867990,Manchester United,2935,Harry Maguire,,,D,True,,,,,,,,,,
867990,Manchester United,889,Victor Lindelöf,,,D,True,,,,,,,,,,
867990,Manchester United,905,Fred,8.0,6.7,M,True,,,,,2.0,,2,1.0,,1.0
867990,Manchester United,547,Donny van de Beek,,,M,True,,,,,,,,,,
867990,Manchester United,747,Casemiro,31.0,7.2,M,True,,,,,32.0,,27,1.0,1.0,3.0
867990,Manchester United,874,Cristiano Ronaldo,22.0,6.6,F,True,2.0,,,,12.0,1.0,8,,,
867990,Manchester United,284324,Alejandro Garnacho,,,M,True,,,,,,,,,,
868000,Everton,2932,Jordan Pickford,90.0,9.3,G,False,,,,,24.0,,9,,,
868000,Everton,138417,Nathan Patterson,90.0,7.2,D,False,,,,,28.0,,19,5.0,1.0,5.0
868000,Everton,18741,Conor Coady,90.0,6.9,D,False,,,,,31.0,,25,,,
868000,Everton,2936,James Tarkowski,90.0,7.7,D,False,,,,,29.0,,21,,4.0,
868000,Everton,2165,Vitaliy Mykolenko,90.0,7,D,False,,,,,30.0,,20,3.0,1.0,5.0
868000,Everton,18762,Tom Davies,62.0,6.9,M,False,1.0,,,,23.0,,12,1.0,1.0,4.0
868000,Everton,162714,Amadou Onana,90.0,7.7,M,False,1.0,,,,26.0,1.0,23,7.0,1.0,11.0
868000,Everton,1455,Alex Iwobi,90.0,6.3,M,False,1.0,,,,38.0,1.0,33,1.0,,2.0
868000,Everton,18781,Demarai Gray,90.0,7.5,F,False,1.0,1.0,,,26.0,2.0,20,1.0,,4.0
868000,Everton,19364,Neal Maupay,90.0,6.9,F,False,4.0,1.0,,,12.0,4.0,9,,,1.0
868000,Everton,138787,Anthony Gordon,82.0,6.6,F,False,1.0,1.0,,,20.0,1.0,15,,,4.0
868000,Everton,18858,Asmir Begović,,,G,True,,,,,,,,,,
868000,Everton,2934,Michael Keane,,,D,True,,,,,,,,,,
868000,Everton,18758,Séamus Coleman,,,D,True,,,,,,,,,,
868000,Everton,18929,Dwight McNeil,8.0,6.9,M,True,,,,,5.0,1.0,4,,,1.0
868000,Everton,326,Allan,,,M,True,,,,,,,,,,
868000,Everton,18745,Rúben Vinagre,,,D,True,,,,,,,,,,
868000,Everton,284187,Stanley Mills,,,M,True,,,,,,,,,,
868000,Everton,2990,Idrissa Gueye,28.0,6.9,M,True,,,,,10.0,,7,1.0,2.0,4.0
868000,Everton,2461,Salomón Rondón,,,F,True,,,,,,,,,,
868000,Liverpool,280,Alisson,90.0,7.9,G,False,,,,,24.0,,21,,,1.0
868000,Liverpool,283,Trent Alexander-Arnold,59.0,7.2,D,False,,,,,43.0,1.0,31,,1.0,
868000,Liverpool,284,Joe Gomez,90.0,7.6,D,False,,,,,77.0,1.0,64,5.0,3.0,8.0
868000,Liverpool,290,Virgil van Dijk,90.0,7.9,D,False,1.0,,,,83.0,,75,,2.0,4.0
868000,Liverpool,1600,Konstantinos Tsimikas,59.0,7.5,D,False,1.0,,,,33.0,2.0,28,1.0,3.0,4.0
868000,Liverpool,19035,Harvey Elliott,80.0,6.9,M,False,1.0,1.0,,,28.0,,21,1.0,,3.0
868000,Liverpool,299,Fabinho,90.0,6.9,M,False,1.0,1.0,,,43.0,1.0,37,1.0,1.0,1.0
868000,Liverpool,153066,Fabio Carvalho,45.0,6.3,M,False,,,,,18.0,,16,1.0,,2.0
868000,Liverpool,306,Mohamed Salah,90.0,7.3,F,False,2.0,1.0,,,26.0,3.0,17,2.0,,3.0
868000,Liverpool,51617,Darwin Núñez,80.0,7.2,F,False,5.0,2.0,,,10.0,2.0,6,1.0,,5.0
868000,Liverpool,2489,Luis Díaz,90.0,7,F,False,1.0,,,,22.0,2.0,15,1.0,,4.0
868000,Liverpool,18812,Adrián,,,G,True,,,,,,,,,,
868000,Liverpool,289,Andrew Robertson,31.0,6.9,D,True,,,,,16.0,3.0,14,,,
868000,Liverpool,286,Joël Matip,10.0,6.7,D,True,,,,,14.0,,13,,,
868000,Liverpool,127472,Nathaniel Phillips,,,D,True,,,,,,,,,,
868000,Liverpool,310187,Stefan Bajčetić,,,D,True,,,,,,,,,,
868000,Liverpool,296,James Milner,31.0,6.2,M,True,,,,,13.0,,8,,2.0,
868000,Liverpool,150,Arthur,,,M,True,,,,,,,,,,
868000,Liverpool,2678,Diogo Jota,10.0,6.2,F,True,2.0,,,,5.0,2.0,2,1.0,,2.0
868000,Liverpool,302,Roberto Firmino,45.0,7.2,F,True,3.0,3.0,,,14.0,1.0,12,1.0,,2.0
868002,Newcastle,18911,Nick Pope,90.0,9,G,False,,,,,9.0,,7,,,
868002,Newcastle,169,Kieran Trippier,90.0,8.7,D,False,,,,,37.0,6.0,28,2.0,3.0,5.0
868002,Newcastle,2806,Fabian Schär,90.0,7.7,D,False,2.0,,,,51.0,,38,2.0,3.0,7.0
868002,Newcastle,38734,Sven Botman,90.0,7.3,D,False,1.0,1.0,,,49.0,,44,1.0,2.0,2.0
868002,Newcastle,18941,Matt Targett,79.0,6.9,D,False,,,,,38.0,1.0,29,2.0,3.0,3.0
868002,Newcastle,1463,Joe Willock,90.0,6.5,M,False,2.0,1.0,,,19.0,,15,1.0,2.0,2.0
868002,Newcastle,18901,Sean Longstaff,90.0,7.2,M,False,1.0,1.0,,,34.0,2.0,31,1.0,1.0,6.0
868002,Newcastle,723,Joelinton,90.0,6.9,M,False,2.0,1.0,,,50.0,2.0,38,4.0,1.0,6.0
868002,Newcastle,2507,Miguel Almirón,70.0,6.9,F,False,2.0,,,,21.0,1.0,18,1.0,,4.0
868002,Newcastle,2864,Alexander Isak,89.0,6,F,False,2.0,2.0,,,9.0,1.0,5,1.0,,3.0
868002,Newcastle,18873,Ryan Fraser,70.0,6.9,F,False,,,,,17.0,,15,1.0,,3.0
868002,Newcastle,18885,Karl Darlow,,,G,True,,,,,,,,,,
868002,Newcastle,18894,Jamaal Lascelles,,,D,True,,,,,,,,,,
868002,Newcastle,18896,Javier Manquillo,,,D,True,,,,,,,,,,
868002,Newcastle,19076,Jamal Lewis,,,D,True,,,,,,,,,,
868002,Newcastle,18903,Matt Ritchie,,,M,True,,,,,,,,,,
868002,Newcastle,18961,Dan Burn,11.0,6.9,D,True,1.0,,,,5.0,,3,1.0,,2.0
868002,Newcastle,19163,Jacob Murphy,20.0,6.5,M,True,,,,,10.0,,6,1.0,,2.0
868002,Newcastle,138908,Elliot Anderson,20.0,6.3,M,True,,,,,9.0,1.0,5,,,3.0
868002,Newcastle,18931,Chris Wood,1.0,,F,True,,,,,1.0,,1,,,
868002,Crystal Palace,18835,Vicente Guaita,90.0,8.5,G,False,,,,,29.0,,18,,,1.0
868002,Crystal Palace,18847,Joel Ward,90.0,7.3,D,False,,,,,34.0,2.0,22,2.0,1.0,7.0
868002,Crystal Palace,2729,Joachim Andersen,90.0,8,D,False,,,,,57.0,1.0,43,1.0,3.0,5.0
868002,Crystal Palace,67971,Marc Guéhi,90.0,7.9,D,False,1.0,1.0,,,57.0,,53,,1.0,4.0
868002,Crystal Palace,182201,Tyrick Mitchell,63.0,6.7,D,False,,,,,20.0,,13,1.0,2.0,2.0
868002,Crystal Palace,19586,Eberechi Eze,62.0,6.6,M,False,1.0,1.0,,,15.0,1.0,13,1.0,,3.0
868002,Crystal Palace,3339,Cheick Doucouré,90.0,8.2,M,False,3.0,,,,44.0,2.0,35,5.0,3.0,7.0
868002,Crystal Palace,18843,Jeffrey Schlupp,90.0,7,M,False,1.0,,,,26.0,,21,2.0,,5.0
868002,Crystal Palace,3428,Jordan Ayew,90.0,7.3,F,False,1.0,1.0,,,26.0,2.0,21,5.0,,15.0
868002,Crystal Palace,25927,Jean-Philippe Mateta,63.0,7.2,F,False,3.0,3.0,,,12.0,1.0,9,1.0,,2.0
868002,Crystal Palace,3247,Wilfried Zaha,90.0,7,F,False,1.0,1.0,,,20.0,1.0,17,2.0,1.0,9.0
868002,Crystal Palace,19143,Sam Johnstone,,,G,True,,,,,,,,,,
868002,Crystal Palace,18862,Nathaniel Clyne,27.0,6.9,D,True,,,,,8.0,,8,,1.0,1.0
868002,Crystal Palace,126949,Chris Richards,,,D,True,,,,,,,,,,
868002,Crystal Palace,18852,Luka Milivojević,,,M,True,,,,,,,,,,
868002,Crystal Palace,19617,Michael Olise,28.0,7.3,M,True,,,,,7.0,1.0,4,3.0,1.0,4.0
868002,Crystal Palace,18806,Will Hughes,,,M,True,,,,,,,,,,
868002,Crystal Palace,18853,Jaïro Riedewald,,,M,True,,,,,,,,,,
868002,Crystal Palace,328808,Malcolm Ebiowei,,,M,True,,,,,,,,,,
868002,Crystal Palace,1135,Odsonne Édouard,27.0,7.2,F,True,2.0,2.0,,,7.0,3.0,5,,,1.0
868005,Wolves,1590,José Sá,90.0,7.3,G,False,,,,,28.0,,22,,,2.0
868005,Wolves,18740,Jonny Otto,90.0,7.2,D,False,1.0,,,,53.0,,44,1.0,3.0,8.0
868005,Wolves,19495,Nathan Collins,90.0,7.3,D,False,,,,,42.0,,36,,3.0,3.0
868005,Wolves,18744,Max Kilman,90.0,6.9,D,False,,,,,49.0,,34,,2.0,3.0
868005,Wolves,21138,Rayan Aït Nouri,90.0,6.9,D,False,1.0,1.0,,,42.0,,35,2.0,1.0,5.0
868005,Wolves,41621,Matheus Nunes,90.0,7.9,M,False,1.0,,,1.0,40.0,2.0,32,2.0,,9.0
868005,Wolves,2676,Rúben Neves,90.0,7,M,False,,,,,51.0,,45,3.0,1.0,3.0
868005,Wolves,2677,João Moutinho,90.0,6.6,M,False,,,,,44.0,,37,5.0,,5.0
868005,Wolves,1864,Pedro Neto,82.0,7,F,False,1.0,,,,35.0,2.0,31,1.0,1.0,3.0
868005,Wolves,7722,Saša Kalajdžić,45.0,6.2,F,False,1.0,,,,4.0,,2,,1.0,1.0
868005,Wolves,1605,Daniel Podence,82.0,7.7,F,False,1.0,1.0,1.0,,30.0,3.0,20,,,2.0
868005,Wolves,19173,Matija Šarkić,,,G,True,,,,,,,,,,
868005,Wolves,41606,Toti Gomes,,,D,True,,,,,,,,,,
868005,Wolves,280687,Hugo Bueno,,,D,True,,,,,,,,,,
868005,Wolves,130,Nélson Semedo,,,D,True,,,,,,,,,,
868005,Wolves,61178,Connor Ronan,,,M,True,,,,,,,,,,
868005,Wolves,158432,Chem Campbell,,,M,True,,,,,,,,,,
868005,Wolves,18753,Adama Traoré,8.0,6.7,F,True,,,,,6.0,,6,,,2.0
868005,Wolves,24888,Hee-Chan Hwang,8.0,6.2,F,True,,,,,2.0,,1,,,
868005,Wolves,925,Gonçalo Guedes,45.0,6.7,F,True,,,,,6.0,,4,,,3.0
868005,Southampton,105971,Gavin Bazunu,90.0,6.3,G,False,,,,,31.0,,17,,,
868005,Southampton,171,Kyle Walker-Peters,90.0,6.9,D,False,,,,,40.0,,33,3.0,1.0,9.0
868005,Southampton,25061,Armel Bella-Kotchap,90.0,6.9,D,False,1.0,,,,33.0,,29,,3.0,1.0
868005,Southampton,47480,Mohammed Salisu,90.0,7.5,D,False,,,,,38.0,,35,3.0,3.0,4.0
868005,Southampton,20600,Romain Perraud,73.0,6.9,D,False,,,,,21.0,,12,4.0,1.0,4.0
868005,Southampton,20557,Ibrahima Diallo,56.0,6.3,M,False,1.0,,,,22.0,,16,,,3.0
868005,Southampton,2938,James Ward-Prowse,90.0,7.3,M,False,1.0,1.0,,,72.0,2.0,61,2.0,1.0,4.0
868005,Southampton,18946,Mohamed Elyounoussi,56.0,6.6,M,False,1.0,,,,19.0,,14,3.0,,4.0
868005,Southampton,19825,Joe Aribo,73.0,6.6,M,False,,,,,28.0,1.0,23,2.0,,7.0
868005,Southampton,19484,Adam Armstrong,83.0,6.3,M,False,2.0,,,,26.0,,19,,,2.0
868005,Southampton,19524,Che Adams,90.0,6.9,F,False,1.0,,,,19.0,3.0,12,2.0,1.0,5.0
868005,Southampton,18935,Alex McCarthy,,,G,True,,,,,,,,,,
868005,Southampton,30476,Lyanco,,,D,True,,,,,,,,,,
868005,Southampton,284264,Juan Larios,,,D,True,,,,,,,,,,
868005,Southampton,1456,Ainsley Maitland-Niles,17.0,6.7,M,True,,,,,7.0,,6,,,1.0
868005,Southampton,2114,Moussa Djenepo,34.0,6.3,M,True,,,,,15.0,,10,1.0,,3.0
868005,Southampton,18769,Theo Walcott,,,F,True,,,,,,,,,,
868005,Southampton,18945,Stuart Armstrong,34.0,7,M,True,,,,,25.0,1.0,23,,,2.0
868005,Southampton,190686,Sékou Mara,13.0,6.6,F,True,1.0,,,,2.0,1.0,2,,,
868005,Southampton,278085,Samuel Edozie,17.0,7.2,F,True,,,,,8.0,1.0,5,,,4.0
868004,Tottenham,159,Hugo Lloris,90.0,6.9,G,False,,,,,21.0,,14,,,
868004,Tottenham,30776,Cristian Romero,90.0,7.5,D,False,2.0,2.0,,,53.0,,50,2.0,3.0,6.0
868004,Tottenham,175,Eric Dier,90.0,7.2,D,False,1.0,,,,51.0,,50,1.0,2.0,4.0
868004,Tottenham,133,Clément Lenglet,90.0,6.9,D,False,1.0,,,,60.0,,54,1.0,,5.0
868004,Tottenham,1566,Emerson Royal,90.0,7.5,M,False,,,,,33.0,,26,3.0,,8.0
868004,Tottenham,863,Rodrigo Bentancur,90.0,6.6,M,False,1.0,,,,66.0,2.0,60,1.0,1.0,2.0
868004,Tottenham,2735,Pierre-Emile Højbjerg,90.0,7.2,M,False,1.0,1.0,1.0,,61.0,,56,1.0,,4.0
868004,Tottenham,19032,Ryan Sessegnon,90.0,7,M,False,4.0,2.0,,,38.0,1.0,28,3.0,1.0,4.0
868004,Tottenham,2413,Richarlison,90.0,7.6,F,False,2.0,1.0,,1.0,31.0,4.0,24,4.0,1.0,9.0
868004,Tottenham,186,Heung-min Son,84.0,7.3,F,False,3.0,2.0,,,34.0,5.0,33,1.0,,3.0
868004,Tottenham,184,Harry Kane,78.0,7.6,F,False,2.0,2.0,1.0,,21.0,3.0,18,1.0,,2.0
868004,Tottenham,18932,Fraser Forster,,,G,True,,,,,,,,,,
868004,Tottenham,149550,Japhet Tanganga,,,D,True,,,,,,,,,,
868004,Tottenham,164,Ben Davies,,,D,True,,,,,,,,,,
868004,Tottenham,168,Davinson Sánchez,,,D,True,,,,,,,,,,
868004,Tottenham,18742,Matt Doherty,,,D,True,,,,,,,,,,
868004,Tottenham,207,Ivan Perišić,13.0,6.6,M,True,,,,,2.0,,2,1.0,,1.0
868004,Tottenham,180,Oliver Skipp,,,M,True,,,,,,,,,,
868004,Tottenham,18968,Yves Bissouma,,,M,True,,,,,,,,,,
868004,Tottenham,30435,Dejan Kulusevski,12.0,6,M,True,,,,,4.0,,3,,,1.0
868004,Fulham,1438,Bernd Leno,90.0,7.9,G,False,,,,,21.0,,13,,,
868004,Fulham,657,Kenny Tete,90.0,7.6,D,False,1.0,,,1.0,38.0,2.0,31,5.0,2.0,8.0
868004,Fulham,19145,Tosin Adarabioyo,90.0,7.3,D,False,,,,,73.0,,64,2.0,1.0,4.0
868004,Fulham,19023,Tim Ream,90.0,7,D,False,,,,,71.0,,63,1.0,1.0,3.0
868004,Fulham,19549,Antonee Robinson,29.0,6.7,D,False,,,,,11.0,,9,,,1.0
868004,Fulham,19480,Harrison Reed,90.0,6.7,M,False,,,,,33.0,1.0,29,1.0,,4.0
868004,Fulham,41104,João Palhinha,85.0,6.9,M,False,,,,,40.0,,40,4.0,,7.0
868004,Fulham,19004,Bobby Reid,60.0,6.5,M,False,,,,,13.0,,11,1.0,1.0,3.0
868004,Fulham,899,Andreas Pereira,61.0,6.7,M,False,1.0,,,,24.0,,21,1.0,,5.0
868004,Fulham,19027,Neeskens Kebano,60.0,6.5,M,False,1.0,,,,15.0,1.0,13,,,
868004,Fulham,2825,Aleksandar Mitrović,90.0,7.7,F,False,5.0,3.0,1.0,,12.0,1.0,6,,,4.0
868004,Fulham,19657,Marek Rodák,,,G,True,,,,,,,,,,
868004,Fulham,18962,Shane Duffy,,,D,True,,,,,,,,,,
868004,Fulham,18814,Issa Diop,,,D,True,,,,,,,,,,
868004,Fulham,946,Kevin Mbabu,61.0,6.5,D,True,,,,,39.0,,32,3.0,2.0,5.0
868004,Fulham,19025,Tom Cairney,29.0,6.3,M,True,,,,,22.0,1.0,21,,,2.0
868004,Fulham,18803,Nathaniel Chalobah,,,M,True,,,,,,,,,,
868004,Fulham,2294,Willian,30.0,6.2,F,True,,,,,12.0,,10,,,
868004,Fulham,19329,Daniel James,30.0,6.3,M,True,,,,,8.0,1.0,7,,,
868004,Fulham,104,Carlos Vinícius,12.0,6.3,F,True,,,,,1.0,,1,,,
867999,Chelsea,2986,Edouard Mendy,90.0,6.9,G,False,,,,,18.0,,14,,,1.0
867999,Chelsea,22094,Wesley Fofana,90.0,6.9,D,False,1.0,,,,94.0,,83,3.0,1.0,7.0
867999,Chelsea,259,Thiago Silva,90.0,7.9,D,False,,,,1.0,105.0,1.0,98,3.0,2.0,8.0
867999,Chelsea,318,Kalidou Koulibaly,90.0,6.5,D,False,,,,,83.0,,71,,,3.0
867999,Chelsea,2292,Ruben Loftus-Cheek,83.0,6.9,M,False,,,,,84.0,,79,2.0,,5.0
867999,Chelsea,19545,Reece James,90.0,6.9,M,False,,,,,44.0,,40,1.0,,5.0
867999,Chelsea,67972,Conor Gallagher,60.0,6.9,M,False,,,,,31.0,1.0,27,1.0,,2.0
867999,Chelsea,2291,Mateo Kovačić,72.0,6.9,M,False,1.0,,,,61.0,1.0,52,1.0,,3.0
867999,Chelsea,47380,Marc Cucurella,71.0,6.5,M,False,,,,,38.0,,33,2.0,,3.0
867999,Chelsea,17,Christian Pulišić,60.0,6.3,F,False,,,,,24.0,2.0,24,,,2.0
867999,Chelsea,645,Raheem Sterling,90.0,6.5,F,False,,,,,32.0,,27,,,3.0
867999,Chelsea,2273,Kepa Arrizabalaga,,,G,True,,,,,,,,,,
867999,Chelsea,19720,Trevoh Chalobah,,,D,True,,,,,,,,,,
867999,Chelsea,2280,César Azpilicueta,,,D,True,,,,,,,,,,
867999,Chelsea,2289,Jorginho,15.0,6.2,M,True,,,,,6.0,,3,,,
867999,Chelsea,2933,Ben Chilwell,19.0,8.2,D,True,1.0,1.0,1.0,1.0,11.0,1.0,5,,,3.0
867999,Chelsea,19220,Mason Mount,30.0,6.3,M,True,,,,,20.0,,15,1.0,,1.0
867999,Chelsea,548,Hakim Ziyech,,,M,True,,,,,,,,,,
867999,Chelsea,978,Kai Havertz,18.0,7.2,M,True,1.0,1.0,1.0,,4.0,,3,1.0,,1.0
867999,Chelsea,138822,Armando Broja,30.0,6.5,F,True,1.0,1.0,,,6.0,,3,1.0,,4.0
867999,West Ham,2997,Łukasz Fabiański,90.0,6.2,G,False,,,,,22.0,,13,,,
867999,West Ham,261,Thilo Kehrer,90.0,6.3,D,False,,,,,43.0,,35,,1.0,
867999,West Ham,2726,Kurt Zouma,90.0,6.7,D,False,,,,,37.0,,30,,1.0,5.0
867999,West Ham,2284,Emerson Palmieri,90.0,6.2,D,False,,,,,39.0,,32,,1.0,3.0
867999,West Ham,1231,Vladimír Coufal,90.0,6.3,M,False,,,,,38.0,,23,3.0,3.0,3.0
867999,West Ham,1243,Tomáš Souček,90.0,6.9,M,False,,,,,21.0,,16,1.0,1.0,5.0
867999,West Ham,2937,Declan Rice,90.0,7.3,M,False,,,,1.0,37.0,2.0,31,3.0,5.0,5.0
867999,West Ham,1697,Pablo Fornals,86.0,6.7,M,False,1.0,,,,19.0,,13,2.0,1.0,3.0
867999,West Ham,1646,Lucas Paquetá,83.0,7.3,F,False,1.0,1.0,,,24.0,,20,2.0,2.0,7.0
867999,West Ham,19428,Jarrod Bowen,90.0,6.9,F,False,1.0,1.0,,,11.0,1.0,9,1.0,1.0,6.0
867999,West Ham,18819,Michail Antonio,74.0,6.9,F,False,1.0,1.0,1.0,,7.0,,3,2.0,,5.0
867999,West Ham,19229,Darren Randolph,,,G,True,,,,,,,,,,
867999,West Ham,253,Alphonse Aréola,,,G,True,,,,,,,,,,
867999,West Ham,18817,Angelo Ogbonna,15.0,6.3,D,True,,,,,5.0,,2,,,1.0
867999,West Ham,19361,Saïd Benrahma,16.0,7,F,True,,,,,3.0,1.0,3,,,1.0
867999,West Ham,19733,Flynn Downes,,,M,True,,,,,,,,,,
867999,West Ham,18820,Conor Coventry,,,M,True,,,,,,,,,,
867999,West Ham,2473,Manuel Lanzini,,,M,True,,,,,,,,,,
867999,West Ham,665,Maxwel Cornet,12.0,6.3,F,True,1.0,,,,2.0,,2,,,
867997,Brentford,19465,David Raya,90.0,6.9,G,False,,,,,25.0,1.0,12,,,
867997,Brentford,44871,Aaron Hickey,90.0,6.2,D,False,,,,,20.0,,14,4.0,2.0,8.0
867997,Brentford,19124,Pontus Jansson,90.0,6.6,D,False,,,,,19.0,,11,,2.0,4.0
867997,Brentford,18917,Ben Mee,90.0,7,D,False,,,,,29.0,,19,4.0,5.0,9.0
867997,Brentford,19346,Rico Henry,90.0,6.5,D,False,1.0,,,,18.0,,10,1.0,,7.0
867997,Brentford,20110,Shandon Baptiste,59.0,6.7,M,False,,,,,17.0,,11,1.0,,3.0
867997,Brentford,25073,Vitaly Janelt,67.0,7.5,M,False,,,,,17.0,,13,5.0,1.0,8.0
867997,Brentford,47438,Mathias Jensen,83.0,6.3,M,False,1.0,,,,19.0,1.0,14,2.0,4.0,2.0
867997,Brentford,20589,Bryan Mbeumo,83.0,7.7,F,False,1.0,1.0,1.0,,13.0,2.0,9,,,4.0
867997,Brentford,19974,Ivan Toney,90.0,9.2,F,False,6.0,4.0,3.0,,13.0,,10,2.0,,7.0
867997,Brentford,106725,Keane Lewis-Potter,59.0,6.2,F,False,2.0,2.0,,,6.0,,4,,,2.0
867997,Brentford,1835,Thomas Strakosha,,,G,True,,,,,,,,,,
867997,Brentford,1119,Kristoffer Ajer,,,D,True,,,,,,,,,,
867997,Brentford,2731,Zanka,23.0,6.2,D,True,,,,,2.0,,1,,,
867997,Brentford,15908,Mikkel Damsgaard,16.0,6.5,M,True,,,,,3.0,1.0,3,1.0,,1.0
867997,Brentford,2699,Saman Ghoddos,,,F,True,,,,,,,,,,
867997,Brentford,15745,Mads Roerslev Rasmussen,,,D,True,,,,,,,,,,
867997,Brentford,15799,Frank Onyeka,31.0,6.2,M,True,,,,,5.0,,1,2.0,,4.0
867997,Brentford,19362,Joshua Dasilva,31.0,6.6,M,True,,,,,8.0,,6,1.0,,3.0
867997,Brentford,20649,Yoane Wissa,16.0,7.3,M,True,2.0,1.0,1.0,,4.0,,3,1.0,,1.0
867997,Leeds,20619,Illan Meslier,90.0,5.3,G,False,,,,,23.0,,14,,,
867997,Leeds,153411,Cody Drameh,70.0,6.5,D,False,,,,,31.0,,24,5.0,1.0,7.0
867997,Leeds,26238,Robin Koch,90.0,5.7,D,False,,,,,51.0,,40,1.0,,3.0
867997,Leeds,47302,Diego Llorente,90.0,5.2,D,False,,,,,51.0,,40,2.0,,6.0
867997,Leeds,64003,Pascal Struijk,90.0,5.9,D,False,1.0,1.0,,,51.0,1.0,39,1.0,,3.0
867997,Leeds,1150,Tyler Adams,90.0,7.2,M,False,,,,,90.0,4.0,78,7.0,1.0,8.0
867997,Leeds,47341,Marc Roca,86.0,7.2,M,False,4.0,3.0,1.0,,58.0,1.0,48,,,2.0
867997,Leeds,37161,Luis Sinisterra,59.0,7,M,False,2.0,2.0,1.0,,31.0,,28,3.0,1.0,7.0
867997,Leeds,50739,Brenden Aaronson,90.0,6.3,M,False,1.0,,,,26.0,2.0,24,2.0,,7.0
867997,Leeds,19128,Jack Harrison,45.0,6.3,M,False,,,,,16.0,2.0,15,,,2.0
867997,Leeds,19569,Joe Gelhardt,59.0,6.2,F,False,2.0,,,,13.0,,12,,,1.0
867997,Leeds,39105,Kristoffer Klaesson,,,G,True,,,,,,,,,,
867997,Leeds,19118,Liam Cooper,,,D,True,,,,,,,,,,
867997,Leeds,19116,Luke Ayling,20.0,7.2,D,True,1.0,,,1.0,12.0,1.0,8,,,5.0
867997,Leeds,297187,Leo Fuhr Hjelde,,,D,True,,,,,,,,,,
867997,Leeds,3008,Mateusz Klich,31.0,6.6,M,True,,,,,14.0,,12,2.0,,3.0
867997,Leeds,19127,Adam Forshaw,,,M,True,,,,,,,,,,
867997,Leeds,19134,Patrick Bamford,45.0,6.3,F,True,2.0,,,,10.0,,10,,,
867997,Leeds,153400,Sam Greenwood,13.0,6.7,F,True,,,,,3.0,1.0,3,,,1.0
867997,Leeds,37724,Crysencio Summerville,31.0,6.7,M,True,,,,,8.0,,7,1.0,,4.0
868003,Nottingham Forest,19088,Dean Henderson,90.0,5.6,G,False,,,,,26.0,,16,,,
868003,Nottingham Forest,1746,Joe Worrall,90.0,6.9,D,False,,,,,86.0,,72,3.0,2.0,3.0
868003,Nottingham Forest,18863,Steve Cook,90.0,6.5,D,False,,,,,49.0,,45,,1.0,1.0
868003,Nottingham Forest,44811,Scott McKenna,90.0,5.9,D,False,,,,,73.0,2.0,57,1.0,1.0,4.0
868003,Nottingham Forest,138780,Neco Williams,90.0,6.3,M,False,1.0,,,,45.0,,35,3.0,1.0,4.0
868003,Nottingham Forest,19305,Ryan Yates,90.0,6.9,M,False,,,,,47.0,1.0,42,1.0,,6.0
868003,Nottingham Forest,2991,Cheikhou Kouyaté,76.0,7.7,M,False,1.0,1.0,1.0,,39.0,,36,1.0,1.0,3.0
868003,Nottingham Forest,10122,Renan Lodi,90.0,6.9,M,False,,,,,37.0,,30,2.0,3.0,9.0
868003,Nottingham Forest,18746,Morgan Gibbs-White,90.0,7.5,F,False,,,,1.0,34.0,3.0,29,,,7.0
868003,Nottingham Forest,900,Jesse Lingard,67.0,6.6,F,False,1.0,1.0,,,21.0,1.0,17,,,1.0
868003,Nottingham Forest,129711,Brennan Johnson,85.0,7,F,False,1.0,1.0,1.0,,13.0,1.0,8,1.0,,1.0
868003,Nottingham Forest,18836,Wayne Hennessey,,,G,True,,,,,,,,,,
868003,Nottingham Forest,84081,Giulian Biancone,,,D,True,,,,,,,,,,
868003,Nottingham Forest,18739,Willy Boly,,,D,True,,,,,,,,,,
868003,Nottingham Forest,19299,Jack Colback,14.0,6.2,M,True,,,,,10.0,,9,,,
868003,Nottingham Forest,2807,Remo Freuler,,,M,True,,,,,,,,,,
868003,Nottingham Forest,17365,Harry Toffolo,,,D,True,,,,,,,,,,
868003,Nottingham Forest,20503,Lewis O'Brien,,,M,True,,,,,,,,,,
868003,Nottingham Forest,8598,Taiwo Awoniyi,23.0,6.6,F,True,2.0,,,,5.0,,5,1.0,,2.0
868003,Nottingham Forest,80,Emmanuel Dennis,10.0,6.3,F,True,,,,,1.0,,1,,,
868003,Bournemouth,912,Neto,90.0,6,G,False,,,,,16.0,,12,,,
868003,Bournemouth,18869,Adam Smith,90.0,6.2,D,False,,,,,52.0,,42,,1.0,4.0
868003,Bournemouth,18866,Chris Mepham,90.0,6.6,D,False,,,,,44.0,,35,1.0,,2.0
868003,Bournemouth,19263,Lloyd Kelly,90.0,6.3,D,False,,,,1.0,46.0,1.0,37,,,2.0
868003,Bournemouth,19824,Jordan Zemura,45.0,6.3,D,False,,,,,28.0,,20,,,2.0
868003,Bournemouth,18872,Lewis Cook,90.0,7.3,M,False,,,,1.0,47.0,2.0,38,4.0,1.0,4.0
868003,Bournemouth,2490,Jefferson Lerma,90.0,7,M,False,,,,,67.0,,55,1.0,1.0,8.0
868003,Bournemouth,1125,Ryan Christie,85.0,6.2,M,False,1.0,,,,27.0,,26,2.0,,4.0
868003,Bournemouth,2734,Philip Billing,89.0,7,M,False,1.0,1.0,1.0,,42.0,1.0,33,,,2.0
868003,Bournemouth,19245,Marcus Tavernier,90.0,6.7,M,False,1.0,,,,32.0,1.0,29,2.0,,5.0
868003,Bournemouth,18883,Dominic Solanke,89.0,8.2,F,False,1.0,1.0,1.0,1.0,18.0,1.0,17,1.0,,5.0
868003,Bournemouth,18860,Mark Travers,,,G,True,,,,,,,,,,
868003,Bournemouth,6610,Marcos Senesi,,,D,True,,,,,,,,,,
868003,Bournemouth,19769,Jack Stacey,1.0,,D,True,,,,,1.0,,,,,
868003,Bournemouth,18815,Ryan Fredericks,45.0,6.7,D,True,,,,,18.0,,12,,,2.0
868003,Bournemouth,18940,Jack Stephens,,,D,True,,,,,,,,,,
868003,Bournemouth,19356,Emiliano Marcondes,,,M,True,,,,,,,,,,
868003,Bournemouth,19964,Siriki Dembélé,,,M,True,,,,,,,,,,
868003,Bournemouth,19804,Kieffer Moore,1.0,,F,True,,,,,3.0,,2,,,
868003,Bournemouth,196855,Jaidon Anthony,10.0,7.9,F,True,1.0,1.0,1.0,,1.0,1.0,1,1.0,,2.0
867996,Aston Villa,19599,Emiliano Martínez,90.0,6.9,G,False,,,,,49.0,,26,,,
867996,Aston Villa,19298,Matty Cash,27.0,6.2,D,False,,,,,4.0,,1,,,
867996,Aston Villa,19354,Ezri Konsa,90.0,6.2,D,False,,,,,33.0,,24,1.0,,2.0
867996,Aston Villa,19179,Tyrone Mings,90.0,6.9,D,False,,,,,28.0,,25,,1.0,3.0
867996,Aston Villa,2724,Lucas Digne,90.0,7.3,D,False,,,,,22.0,,19,2.0,1.0,8.0
867996,Aston Villa,47522,Douglas Luiz,90.0,6.3,M,False,,,,,35.0,1.0,26,1.0,,3.0
867996,Aston Villa,1904,Boubacar Kamara,90.0,6.7,M,False,,,,,34.0,,26,3.0,,3.0
867996,Aston Villa,19191,John McGinn,65.0,6.5,M,False,,,,,13.0,,8,,2.0,
867996,Aston Villa,983,Leon Bailey,89.0,6.7,M,False,2.0,1.0,1.0,,12.0,,11,,,
867996,Aston Villa,19192,Jacob Ramsey,90.0,6.7,M,False,,,,1.0,19.0,1.0,13,3.0,,4.0
867996,Aston Villa,19366,Ollie Watkins,90.0,6.5,F,False,,,,,13.0,,8,1.0,,5.0
867996,Aston Villa,766,Robin Olsen,,,G,True,,,,,,,,,,
867996,Aston Villa,19016,Calum Chambers,,,D,True,,,,,,,,,,
867996,Aston Villa,2852,Ludwig Augustinsson,,,D,True,,,,,,,,,,
867996,Aston Villa,2999,Jan Bednarek,,,D,True,,,,,,,,,,
867996,Aston Villa,894,Ashley Young,63.0,7,D,True,,,,,21.0,,13,4.0,,6.0
867996,Aston Villa,147,Philippe Coutinho,25.0,6.5,M,True,,,,,3.0,,2,,,
867996,Aston Villa,19071,Emiliano Buendía,1.0,,M,True,,,,,1.0,,1,,,
867996,Aston Villa,18955,Danny Ings,,,F,True,,,,,,,,,,
867996,Aston Villa,137302,Cameron Archer,,,F,True,,,,,,,,,,
867996,Manchester City,617,Ederson,90.0,6.3,G,False,,,,,33.0,,29,1.0,,2.0
867996,Manchester City,627,Kyle Walker,80.0,6.6,D,False,1.0,,,,97.0,1.0,86,,1.0,3.0
867996,Manchester City,626,John Stones,90.0,7.2,D,False,,,,,95.0,,92,1.0,,4.0
867996,Manchester City,567,Rúben Dias,90.0,7.3,D,False,,,,,106.0,,98,3.0,,8.0
867996,Manchester City,855,João Cancelo,90.0,7.3,D,False,,,,,79.0,1.0,69,3.0,2.0,9.0
867996,Manchester City,629,Kevin De Bruyne,90.0,8.2,M,False,3.0,,,1.0,58.0,6.0,46,,1.0,4.0
867996,Manchester City,44,Rodri,90.0,6.6,M,False,1.0,,,,92.0,,81,,1.0,6.0
867996,Manchester City,633,İlkay Gündoğan,90.0,6.9,M,False,,,,,51.0,2.0,39,2.0,,5.0
867996,Manchester City,636,Bernardo Silva,73.0,6.6,F,False,,,,,46.0,,39,1.0,,3.0
867996,Manchester City,1100,Erling Haaland,90.0,7.6,F,False,3.0,3.0,1.0,,18.0,1.0,14,,,2.0
867996,Manchester City,631,Phil Foden,90.0,6.9,F,False,1.0,1.0,,,58.0,,52,2.0,,3.0
867996,Manchester City,25004,Stefan Ortega,,,G,True,,,,,,,,,,
867996,Manchester City,23,Sergio Gómez,,,M,True,,,,,,,,,,
867996,Manchester City,278128,Josh Wilson-Esbrand,,,D,True,,,,,,,,,,
867996,Manchester City,284230,Rico Lewis,,,D,True,,,,,,,,,,
867996,Manchester City,18861,Nathan Aké,10.0,6.7,D,True,,,,,16.0,,16,,,1.0
867996,Manchester City,6009,Julián Álvarez,,,F,True,,,,,,,,,,
867996,Manchester City,635,Riyad Mahrez,17.0,6.7,F,True,,,,,14.0,,12,,,
867996,Manchester City,19187,Jack Grealish,,,M,True,,,,,,,,,,
867996,Manchester City,152982,Cole Palmer,,,M,True,,,,,,,,,,
867998,Brighton,18959,Robert Sánchez,90.0,6.3,G,False,,,,,25.0,,20,,,
867998,Brighton,537,Joël Veltman,90.0,6.6,D,False,,,,,70.0,,59,1.0,,4.0
867998,Brighton,18963,Lewis Dunk,90.0,6.9,D,False,,,,,92.0,,89,,,
867998,Brighton,19265,Adam Webster,90.0,6.3,D,False,,,,,67.0,1.0,60,2.0,1.0,3.0
867998,Brighton,18973,Solly March,89.0,7.2,M,False,4.0,2.0,,,28.0,1.0,17,1.0,3.0,9.0
867998,Brighton,18970,Pascal Groß,90.0,7.9,M,False,1.0,1.0,,1.0,42.0,5.0,30,2.0,2.0,2.0
867998,Brighton,6716,Alexis Mac Allister,90.0,8.2,M,False,3.0,3.0,2.0,,43.0,,37,2.0,2.0,5.0
867998,Brighton,116117,Moisés Caicedo,89.0,7.7,M,False,2.0,1.0,1.0,,41.0,,36,2.0,2.0,3.0
867998,Brighton,1946,Leandro Trossard,89.0,7.6,M,False,1.0,1.0,1.0,,41.0,4.0,34,2.0,2.0,5.0
867998,Brighton,1093,Enock Mwepu,84.0,7.2,F,False,2.0,1.0,,1.0,26.0,1.0,23,4.0,1.0,4.0
867998,Brighton,1469,Danny Welbeck,90.0,7.2,F,False,3.0,2.0,,,12.0,,10,,,4.0
867998,Brighton,18960,Jason Steele,,,G,True,,,,,,,,,,
867998,Brighton,38695,Jan Paul van Hecke,,,D,True,,,,,,,,,,
867998,Brighton,152953,Levi Colwill,,,D,True,,,,,,,,,,
867998,Brighton,138815,Tariq Lamptey,1.0,,D,True,,,,,1.0,,1,,,
867998,Brighton,46731,Pervis Estupiñán,9.0,6.3,D,True,,,,,2.0,,2,,,
867998,Brighton,106835,Kaoru Mitoma,,,M,True,,,,,,,,,,
867998,Brighton,17715,Steven Alzate,,,M,True,,,,,,,,,,
867998,Brighton,130423,Billy Gilmour,1.0,,M,True,,,,,,,,,,
867998,Brighton,26475,Deniz Undav,14.0,6.6,F,True,,,,,3.0,1.0,3,1.0,,1.0
867998,Leicester,18146,Danny Ward,90.0,6.6,G,False,,,,,33.0,,21,,,
867998,Leicester,19760,James Justin,90.0,5.6,D,False,,,,,36.0,1.0,27,1.0,,3.0
867998,Leicester,18786,Wilfred Ndidi,90.0,5.9,D,False,,,,,71.0,,62,2.0,1.0,3.0
867998,Leicester,18772,Jonny Evans,90.0,6.2,D,False,,,,,64.0,,56,1.0,3.0,2.0
867998,Leicester,152969,Luke Thomas,90.0,5.2,D,False,,,,,51.0,,44,1.0,1.0,2.0
867998,Leicester,18784,James Maddison,90.0,6.2,M,False,,,,,42.0,,34,3.0,1.0,6.0
867998,Leicester,22233,Boubakary Soumaré,72.0,6.5,M,False,,,,,29.0,,28,1.0,2.0,2.0
867998,Leicester,2926,Youri Tielemans,72.0,7.5,M,False,,,,1.0,33.0,3.0,28,1.0,1.0,5.0
867998,Leicester,18778,Harvey Barnes,45.0,6.2,M,False,1.0,1.0,,,7.0,,5,,,1.0
867998,Leicester,2778,Kelechi Iheanacho,72.0,6.9,F,False,1.0,1.0,1.0,,14.0,,12,,,
867998,Leicester,1098,Patson Daka,90.0,8.3,F,False,3.0,2.0,1.0,1.0,17.0,1.0,13,2.0,1.0,5.0
867998,Leicester,17736,Daniel Iversen,,,G,True,,,,,,,,,,
867998,Leicester,3421,Daniel Amartey,18.0,6.3,D,True,,,,,17.0,,14,,1.0,1.0
867998,Leicester,2920,Timothy Castagne,45.0,6.2,D,True,,,,,7.0,,6,1.0,,4.0
867998,Leicester,18906,Ayoze Pérez,,,F,True,,,,,,,,,,
867998,Leicester,18777,Marc Albrighton,,,M,True,,,,,,,,,,
867998,Leicester,18785,Nampalys Mendy,,,M,True,,,,,,,,,,
867998,Leicester,148099,Kiernan Dewsbury-Hall,18.0,6.3,M,True,,,,,13.0,,10,,,
867998,Leicester,2925,Dennis Praet,,,M,True,,,,,,,,,,
867998,Leicester,18788,Jamie Vardy,18.0,6.3,F,True,,,,,2.0,,,,1.0,
868001,Manchester United,882,David De Gea,90.0,6.7,G,False,,,,,24.0,1.0,14,,,
868001,Manchester United,886,Diogo Dalot,90.0,6.7,D,False,,,,,31.0,1.0,20,1.0,,5.0
868001,Manchester United,742,Raphaël Varane,90.0,7,D,False,,,,,20.0,,14,5.0,,6.0
868001,Manchester United,2467,Lisandro Martínez,80.0,6.6,D,False,,,,,34.0,,29,2.0,,3.0
868001,Manchester United,37145,Tyrell Malacia,90.0,6.3,D,False,,,,,31.0,,26,1.0,2.0,4.0
868001,Manchester United,903,Scott McTominay,90.0,6.3,M,False,,,,,26.0,,26,2.0,,3.0
868001,Manchester United,174,Christian Eriksen,90.0,7.2,M,False,1.0,,,1.0,41.0,3.0,33,,,1.0
868001,Manchester United,9971,Antony,58.0,7.2,M,False,3.0,2.0,1.0,,14.0,,10,2.0,1.0,3.0
868001,Manchester United,1485,Bruno Fernandes,90.0,7.6,M,False,1.0,1.0,,1.0,30.0,3.0,22,1.0,1.0,3.0
868001,Manchester United,18,Jadon Sancho,67.0,6.5,M,False,1.0,1.0,,,17.0,,14,,,2.0
868001,Manchester United,909,Marcus Rashford,80.0,8.9,F,False,2.0,2.0,2.0,1.0,15.0,2.0,13,,,1.0
868001,Manchester United,2931,Tom Heaton,,,G,True,,,,,,,,,,
868001,Manchester United,18886,Martin Dúbravka,,,G,True,,,,,,,,,,
868001,Manchester United,2935,Harry Maguire,10.0,6.3,D,True,,,,,2.0,,2,,,
868001,Manchester United,891,Luke Shaw,,,D,True,,,,,,,,,,
868001,Manchester United,889,Victor Lindelöf,,,D,True,,,,,,,,,,
868001,Manchester United,153430,Anthony Elanga,,,F,True,,,,,,,,,,
868001,Manchester United,747,Casemiro,10.0,6.9,M,True,,,,,3.0,,2,2.0,2.0,3.0
868001,Manchester United,905,Fred,23.0,6.6,M,True,,,,,11.0,1.0,10,1.0,1.0,1.0
868001,Manchester United,874,Cristiano Ronaldo,32.0,6.6,F,True,1.0,,,,11.0,,7,,,3.0
868001,Arsenal,20355,Aaron Ramsdale,90.0,6.2,G,False,,,,,34.0,,22,,,
868001,Arsenal,19959,Benjamin White,80.0,6.2,D,False,,,,,38.0,,29,3.0,,3.0
868001,Arsenal,22090,William Saliba,90.0,6.5,D,False,1.0,,,,58.0,,57,2.0,,3.0
868001,Arsenal,22224,Gabriel Magalhães,90.0,6.3,D,False,,,,,45.0,,40,1.0,,1.0
868001,Arsenal,641,Oleksandr Zinchenko,74.0,6.2,D,False,,,,,42.0,,38,,,1.0
868001,Arsenal,37127,Martin Ødegaard,73.0,6.5,M,False,1.0,,,,40.0,4.0,27,,,
868001,Arsenal,1427,Albert Sambi Lokonga,74.0,6.6,M,False,,,,,42.0,1.0,38,,2.0,2.0
868001,Arsenal,1464,Granit Xhaka,90.0,6.6,M,False,,,,,39.0,1.0,35,2.0,2.0,3.0
868001,Arsenal,1460,Bukayo Saka,90.0,7.7,F,False,3.0,1.0,1.0,,31.0,1.0,23,2.0,,5.0
868001,Arsenal,643,Gabriel Jesus,90.0,7.5,F,False,2.0,,,,32.0,5.0,28,2.0,,13.0
868001,Arsenal,127769,Gabriel Martinelli,90.0,6.7,F,False,1.0,1.0,,,36.0,2.0,28,,,3.0
868001,Arsenal,50999,Matt Turner,,,G,True,,,,,,,,,,
868001,Arsenal,190,Cédric Soares,,,D,True,,,,,,,,,,
868001,Arsenal,1440,Rob Holding,,,D,True,,,,,,,,,,
868001,Arsenal,2597,Takehiro Tomiyasu,10.0,6.9,D,True,,,,,12.0,,10,1.0,1.0,1.0
868001,Arsenal,1117,Kieran Tierney,,,D,True,,,,,,,,,,
868001,Arsenal,41725,Fábio Vieira,16.0,7,M,True,2.0,1.0,,,9.0,,7,,1.0,2.0
868001,Arsenal,1161,Emile Smith Rowe,17.0,6.3,M,True,1.0,,,,6.0,,5,,,
868001,Arsenal,311520,Marquinhos,,,F,True,,,,,,,,,,
868001,Arsenal,1468,Edward Nketiah,16.0,6.3,F,True,,,,,1.0,,1,1.0,,1.0
868023,Nottingham Forest,19088,Dean Henderson,90.0,6.6,G,False,,,,,37.0,,26,,,
868023,Nottingham Forest,18739,Willy Boly,63.0,5.9,D,False,,,,,26.0,,18,2.0,,5.0
868023,Nottingham Forest,18863,Steve Cook,63.0,6.5,D,False,,,,,21.0,,15,1.0,1.0,3.0
868023,Nottingham Forest,44811,Scott McKenna,90.0,6.5,D,False,,,,,57.0,,50,,1.0,1.0
868023,Nottingham Forest,138780,Neco Williams,88.0,6.2,M,False,2.0,,,,27.0,,17,1.0,1.0,3.0
868023,Nottingham Forest,19305,Ryan Yates,90.0,7.2,M,False,3.0,1.0,,1.0,28.0,1.0,24,,1.0,5.0
868023,Nottingham Forest,2807,Remo Freuler,70.0,6.3,M,False,,,,,29.0,,21,2.0,1.0,3.0
868023,Nottingham Forest,10122,Renan Lodi,90.0,6.5,M,False,,,,,42.0,2.0,33,1.0,1.0,3.0
868023,Nottingham Forest,18746,Morgan Gibbs-White,90.0,6.3,F,False,,,,,29.0,2.0,14,,1.0,3.0
868023,Nottingham Forest,129711,Brennan Johnson,90.0,6.3,F,False,,,,,8.0,1.0,6,,,1.0
868023,Nottingham Forest,8598,Taiwo Awoniyi,70.0,6.9,F,False,2.0,1.0,1.0,,8.0,,7,,,1.0
868023,Nottingham Forest,18836,Wayne Hennessey,,,G,True,,,,,,,,,,
868023,Nottingham Forest,1746,Joe Worrall,27.0,6.9,D,True,,,,,31.0,2.0,22,,,1.0
868023,Nottingham Forest,84081,Giulian Biancone,,,D,True,,,,,,,,,,
868023,Nottingham Forest,900,Jesse Lingard,27.0,6.7,M,True,,,,,10.0,,9,,,
868023,Nottingham Forest,20503,Lewis O'Brien,20.0,7.9,M,True,1.0,1.0,1.0,,14.0,,13,2.0,1.0,5.0
868023,Nottingham Forest,2991,Cheikhou Kouyaté,,,M,True,,,,,,,,,,
868023,Nottingham Forest,17365,Harry Toffolo,,,D,True,,,,,,,,,,
868023,Nottingham Forest,80,Emmanuel Dennis,9.0,6.5,F,True,,,,,,,,,,
868023,Nottingham Forest,18884,Sam Surridge,20.0,6.9,F,True,,,,,8.0,,4,1.0,,5.0
868023,Fulham,1438,Bernd Leno,90.0,6.2,G,False,,,,,32.0,,24,,,1.0
868023,Fulham,657,Kenny Tete,90.0,7.5,D,False,1.0,1.0,,1.0,66.0,1.0,54,3.0,,4.0
868023,Fulham,19145,Tosin Adarabioyo,90.0,7.2,D,False,1.0,1.0,1.0,,82.0,,72,,,2.0
868023,Fulham,18814,Issa Diop,90.0,6.3,D,False,,,,,107.0,,94,,,1.0
868023,Fulham,19023,Tim Ream,90.0,6.6,D,False,,,,,50.0,,43,1.0,2.0,2.0
868023,Fulham,19480,Harrison Reed,90.0,7.5,M,False,1.0,1.0,1.0,,52.0,2.0,42,1.0,,2.0
868023,Fulham,41104,João Palhinha,90.0,7.6,M,False,2.0,2.0,1.0,,32.0,,28,2.0,2.0,8.0
868023,Fulham,2294,Willian,70.0,7.2,M,False,,,,1.0,32.0,3.0,27,1.0,1.0,5.0
868023,Fulham,899,Andreas Pereira,83.0,7,M,False,1.0,1.0,,,36.0,3.0,27,1.0,,6.0
868023,Fulham,19004,Bobby Reid,89.0,6.9,M,False,1.0,,,1.0,17.0,1.0,13,1.0,1.0,1.0
868023,Fulham,2825,Aleksandar Mitrović,89.0,6.9,F,False,2.0,1.0,,,25.0,,15,1.0,,8.0
868023,Fulham,19657,Marek Rodák,,,G,True,,,,,,,,,,
868023,Fulham,18962,Shane Duffy,,,D,True,,,,,,,,,,
868023,Fulham,946,Kevin Mbabu,,,D,True,,,,,,,,,,
868023,Fulham,19027,Neeskens Kebano,1.0,,M,True,,,,,5.0,,5,1.0,,1.0
868023,Fulham,19025,Tom Cairney,14.0,6.3,M,True,,,,,10.0,,7,,,
868023,Fulham,153077,Luke Harris,,,M,True,,,,,,,,,,
868023,Fulham,18803,Nathaniel Chalobah,,,M,True,,,,,,,,,,
868023,Fulham,19329,Daniel James,20.0,6.9,M,True,1.0,,,,7.0,2.0,7,,,1.0
868023,Fulham,104,Carlos Vinícius,1.0,,F,True,,,,,2.0,,2,,,
868016,Aston Villa,19599,Emiliano Martínez,90.0,7.3,G,False,,,,,27.0,,19,,,
868016,Aston Villa,894,Ashley Young,90.0,7.2,D,False,1.0,,,,42.0,1.0,25,3.0,,5.0
868016,Aston Villa,19354,Ezri Konsa,90.0,7,D,False,,,,,35.0,,25,,,7.0
868016,Aston Villa,19179,Tyrone Mings,90.0,7.5,D,False,,,,,41.0,1.0,30,2.0,,6.0
868016,Aston Villa,2724,Lucas Digne,90.0,7.9,D,False,,,,,53.0,,43,7.0,,12.0
868016,Aston Villa,19192,Jacob Ramsey,67.0,7.9,M,False,1.0,1.0,1.0,,30.0,,23,5.0,1.0,6.0
868016,Aston Villa,1904,Boubacar Kamara,44.0,7,M,False,,,,,18.0,,16,4.0,,6.0
868016,Aston Villa,19191,John McGinn,90.0,7.5,M,False,,,,,38.0,1.0,28,5.0,2.0,12.0
868016,Aston Villa,983,Leon Bailey,67.0,5.6,M,False,,,,,19.0,,8,1.0,,6.0
868016,Aston Villa,147,Philippe Coutinho,84.0,6.5,M,False,2.0,1.0,,,39.0,1.0,36,1.0,1.0,4.0
868016,Aston Villa,19366,Ollie Watkins,90.0,6.9,F,False,1.0,1.0,,,23.0,1.0,14,3.0,1.0,9.0
868016,Aston Villa,766,Robin Olsen,,,G,True,,,,,,,,,,
868016,Aston Villa,19016,Calum Chambers,,,D,True,,,,,,,,,,
868016,Aston Villa,2852,Ludwig Augustinsson,,,D,True,,,,,,,,,,
868016,Aston Villa,47522,Douglas Luiz,46.0,7.3,M,True,,,,,31.0,1.0,27,3.0,,6.0
868016,Aston Villa,1914,Morgan Sanson,,,M,True,,,,,,,,,,
868016,Aston Villa,2922,Leander Dendoncker,23.0,6.3,M,True,,,,,2.0,,,,1.0,1.0
868016,Aston Villa,76,Marvelous Nakamba,,,M,True,,,,,,,,,,
868016,Aston Villa,19071,Emiliano Buendía,23.0,6.7,M,True,,,,,18.0,1.0,15,1.0,,2.0
868016,Aston Villa,18955,Danny Ings,12.0,6,F,True,1.0,,,,4.0,,3,,,
868016,Southampton,105971,Gavin Bazunu,90.0,6.7,G,False,,,,,37.0,,25,,,
868016,Southampton,171,Kyle Walker-Peters,90.0,6.5,D,False,,,,,31.0,,23,5.0,,8.0
868016,Southampton,25061,Armel Bella-Kotchap,90.0,7.3,D,False,,,,,60.0,,43,3.0,5.0,9.0
868016,Southampton,47480,Mohammed Salisu,90.0,7.3,D,False,,,,,54.0,,42,2.0,,6.0
868016,Southampton,20600,Romain Perraud,45.0,7,D,False,,,,,14.0,1.0,8,4.0,2.0,6.0
868016,Southampton,2938,James Ward-Prowse,90.0,7.2,M,False,,,,,55.0,1.0,44,3.0,2.0,4.0
868016,Southampton,20557,Ibrahima Diallo,45.0,6.5,M,False,,,,,20.0,,15,,,2.0
868016,Southampton,2114,Moussa Djenepo,90.0,6.5,M,False,,,,,14.0,,12,3.0,1.0,8.0
868016,Southampton,18946,Mohamed Elyounoussi,79.0,5.6,M,False,1.0,,,,15.0,,9,,,6.0
868016,Southampton,19484,Adam Armstrong,71.0,6.2,M,False,,,,,15.0,,11,3.0,,3.0
868016,Southampton,19524,Che Adams,71.0,6.9,F,False,1.0,,,,11.0,,8,,,6.0
868016,Southampton,18935,Alex McCarthy,,,G,True,,,,,,,,,,
868016,Southampton,284264,Juan Larios,45.0,6.6,D,True,,,,,16.0,,11,1.0,1.0,3.0
868016,Southampton,1902,Duje Ćaleta-Car,,,D,True,,,,,,,,,,
868016,Southampton,30476,Lyanco,,,D,True,,,,,,,,,,
868016,Southampton,19825,Joe Aribo,45.0,6.2,M,True,,,,,19.0,1.0,13,1.0,,3.0
868016,Southampton,18769,Theo Walcott,,,F,True,,,,,,,,,,
868016,Southampton,18945,Stuart Armstrong,19.0,6.9,M,True,1.0,,,,10.0,,10,2.0,,5.0
868016,Southampton,190686,Sékou Mara,19.0,6.9,F,True,1.0,1.0,,,3.0,,2,1.0,,2.0
868016,Southampton,278085,Samuel Edozie,11.0,6.7,F,True,,,,,2.0,,1,,1.0,1.0
868025,Wolves,1590,José Sá,90.0,6.5,G,False,,,,,57.0,,42,,,1.0
868025,Wolves,18740,Jonny Otto,90.0,5.9,D,False,,,,,44.0,,39,4.0,1.0,7.0
868025,Wolves,19495,Nathan Collins,33.0,5.3,D,False,,,,,28.0,,26,,,1.0
868025,Wolves,18744,Max Kilman,90.0,6,D,False,,,,,51.0,,46,1.0,,2.0
868025,Wolves,21138,Rayan Aït Nouri,81.0,6.3,D,False,,,,,17.0,1.0,14,2.0,,5.0
868025,Wolves,41621,Matheus Nunes,90.0,6.7,M,False,,,,,34.0,,29,2.0,1.0,4.0
868025,Wolves,2676,Rúben Neves,90.0,7.3,M,False,1.0,,,,63.0,1.0,55,2.0,3.0,2.0
868025,Wolves,2677,João Moutinho,90.0,6.7,M,False,,,,,50.0,,44,2.0,1.0,5.0
868025,Wolves,1864,Pedro Neto,86.0,6.3,F,False,1.0,,,,24.0,,20,2.0,,5.0
868025,Wolves,1605,Daniel Podence,70.0,6.7,F,False,1.0,,,,18.0,1.0,9,,,1.0
868025,Wolves,925,Gonçalo Guedes,70.0,6.9,F,False,2.0,1.0,,,15.0,1.0,10,,,5.0
868025,Wolves,19173,Matija Šarkić,,,G,True,,,,,,,,,,
868025,Wolves,195717,Yerson Mosquera,,,D,True,,,,,,,,,,
868025,Wolves,41606,Toti Gomes,,,D,True,,,,,,,,,,
868025,Wolves,280687,Hugo Bueno,,,D,True,,,,,,,,,,
868025,Wolves,130,Nélson Semedo,9.0,6.6,D,True,,,,,8.0,,7,1.0,,2.0
868025,Wolves,61178,Connor Ronan,,,M,True,,,,,,,,,,
868025,Wolves,157912,Boubacar Traoré,20.0,7,M,True,,,,,8.0,,7,2.0,1.0,2.0
868025,Wolves,158432,Chem Campbell,8.0,6.6,M,True,,,,,2.0,,2,1.0,,1.0
868025,Wolves,24888,Hee-Chan Hwang,20.0,6.3,F,True,,,,,3.0,,3,,,1.0
868025,Manchester City,617,Ederson,90.0,7.2,G,False,,,,,28.0,,26,,,1.0
868025,Manchester City,626,John Stones,90.0,7.5,D,False,1.0,1.0,,,54.0,,51,2.0,1.0,4.0
868025,Manchester City,5,Manuel Akanji,90.0,7.5,D,False,,,,,91.0,,88,3.0,1.0,4.0
868025,Manchester City,567,Rúben Dias,90.0,7.5,D,False,,,,,86.0,,81,,3.0,2.0
868025,Manchester City,855,João Cancelo,90.0,7.9,D,False,1.0,,,,74.0,2.0,64,5.0,2.0,13.0
868025,Manchester City,629,Kevin De Bruyne,72.0,7.9,M,False,1.0,,,2.0,35.0,4.0,30,1.0,1.0,1.0
868025,Manchester City,44,Rodri,81.0,7.3,M,False,1.0,1.0,,,60.0,,57,2.0,3.0,3.0
868025,Manchester City,636,Bernardo Silva,71.0,6.6,M,False,,,,1.0,57.0,3.0,51,1.0,1.0,2.0
868025,Manchester City,631,Phil Foden,72.0,7.3,F,False,2.0,1.0,1.0,,29.0,1.0,23,1.0,,1.0
868025,Manchester City,1100,Erling Haaland,90.0,7.3,F,False,2.0,2.0,1.0,,14.0,,10,,,1.0
868025,Manchester City,19187,Jack Grealish,77.0,8.2,F,False,2.0,1.0,1.0,,33.0,2.0,31,2.0,1.0,10.0
868025,Manchester City,19197,Scott Carson,,,G,True,,,,,,,,,,
868025,Manchester City,25004,Stefan Ortega,,,G,True,,,,,,,,,,
868025,Manchester City,627,Kyle Walker,,,D,True,,,,,,,,,,
868025,Manchester City,18861,Nathan Aké,,,D,True,,,,,,,,,,
868025,Manchester City,23,Sergio Gómez,9.0,6.6,M,True,,,,,13.0,,11,,1.0,
868025,Manchester City,633,İlkay Gündoğan,18.0,6.7,M,True,,,,,13.0,,10,,1.0,1.0
868025,Manchester City,152982,Cole Palmer,13.0,6.7,M,True,1.0,,,,8.0,1.0,8,1.0,,1.0
868025,Manchester City,6009,Julián Álvarez,19.0,6.6,F,True,1.0,1.0,,,10.0,,7,1.0,,1.0
868025,Manchester City,635,Riyad Mahrez,18.0,6.6,F,True,,,,,17.0,1.0,15,,,2.0
868022,Newcastle,18911,Nick Pope,90.0,6.3,G,False,,,,,13.0,,12,,,
868022,Newcastle,169,Kieran Trippier,90.0,7.2,D,False,1.0,,,,85.0,2.0,69,,,
868022,Newcastle,2806,Fabian Schär,90.0,7.2,D,False,2.0,1.0,,,87.0,1.0,74,1.0,,6.0
868022,Newcastle,18961,Dan Burn,90.0,7.2,D,False,,,,,92.0,1.0,82,,,4.0
868022,Newcastle,18941,Matt Targett,90.0,6.3,D,False,,,,,72.0,1.0,62,2.0,,2.0
868022,Newcastle,1463,Joe Willock,90.0,6.9,M,False,2.0,,,,63.0,2.0,58,2.0,,3.0
868022,Newcastle,10135,Bruno Guimarães,72.0,6.9,M,False,,,,,61.0,1.0,55,5.0,1.0,7.0
868022,Newcastle,723,Joelinton,90.0,7,M,False,3.0,1.0,,,41.0,,34,1.0,,10.0
868022,Newcastle,2507,Miguel Almirón,89.0,7.2,F,False,1.0,1.0,,,49.0,1.0,45,2.0,,4.0
868022,Newcastle,2864,Alexander Isak,90.0,7.7,F,False,3.0,3.0,1.0,,16.0,2.0,11,1.0,,6.0
868022,Newcastle,18873,Ryan Fraser,71.0,7,F,False,3.0,1.0,,,25.0,1.0,19,1.0,,1.0
868022,Newcastle,1972,Loris Karius,,,G,True,,,,,,,,,,
868022,Newcastle,38734,Sven Botman,,,D,True,,,,,,,,,,
868022,Newcastle,18894,Jamaal Lascelles,,,D,True,,,,,,,,,,
868022,Newcastle,18896,Javier Manquillo,,,D,True,,,,,,,,,,
868022,Newcastle,19076,Jamal Lewis,,,D,True,,,,,,,,,,
868022,Newcastle,18903,Matt Ritchie,,,M,True,,,,,,,,,,
868022,Newcastle,18901,Sean Longstaff,18.0,6.5,M,True,,,,,28.0,1.0,26,,,
868022,Newcastle,19163,Jacob Murphy,19.0,6.3,M,True,,,,,11.0,,9,,,
868022,Newcastle,18931,Chris Wood,9.0,6.7,F,True,,,,,,,,1.0,,1.0
868022,Bournemouth,912,Neto,90.0,7.9,G,False,,,,,28.0,,12,,,1.0
868022,Bournemouth,18869,Adam Smith,90.0,6.3,D,False,,,,,24.0,,15,2.0,,4.0
868022,Bournemouth,18866,Chris Mepham,90.0,6.3,D,False,,,,,21.0,,15,1.0,,4.0
868022,Bournemouth,6610,Marcos Senesi,90.0,6.7,D,False,,,,,26.0,,15,,1.0,
868022,Bournemouth,19824,Jordan Zemura,90.0,7.7,D,False,,,,1.0,22.0,5.0,15,2.0,,4.0
868022,Bournemouth,18872,Lewis Cook,90.0,6.9,M,False,,,,,22.0,1.0,19,4.0,,5.0
868022,Bournemouth,2490,Jefferson Lerma,90.0,6.3,M,False,,,,,25.0,,18,1.0,2.0,3.0
868022,Bournemouth,19245,Marcus Tavernier,80.0,7.2,M,False,2.0,,,,22.0,1.0,19,1.0,,6.0
868022,Bournemouth,2734,Philip Billing,89.0,7.6,M,False,1.0,1.0,1.0,,19.0,2.0,13,3.0,1.0,12.0
868022,Bournemouth,1125,Ryan Christie,87.0,7,M,False,3.0,1.0,,,24.0,,15,1.0,3.0,8.0
868022,Bournemouth,18883,Dominic Solanke,89.0,6.9,F,False,2.0,1.0,,,8.0,,6,2.0,1.0,4.0
868022,Bournemouth,18860,Mark Travers,,,G,True,,,,,,,,,,
868022,Bournemouth,19769,Jack Stacey,11.0,6.9,D,True,,,,,2.0,,1,1.0,,2.0
868022,Bournemouth,18940,Jack Stephens,1.0,,D,True,,,,,,,,,,
868022,Bournemouth,18878,Junior Stanislas,,,M,True,,,,,,,,,,
868022,Bournemouth,19356,Emiliano Marcondes,,,M,True,,,,,,,,,,
868022,Bournemouth,19866,Jamal Lowe,,,F,True,,,,,,,,,,
868022,Bournemouth,196855,Jaidon Anthony,10.0,6.5,F,True,,,,,1.0,,1,,,
868022,Bournemouth,19804,Kieffer Moore,1.0,,F,True,,,,,1.0,,1,,,
868022,Bournemouth,19964,Siriki Dembélé,,,M,True,,,,,,,,,,
868024,Tottenham,159,Hugo Lloris,90.0,7.2,G,False,,,,,39.0,,33,,,
868024,Tottenham,168,Davinson Sánchez,59.0,6.6,D,False,1.0,1.0,,,37.0,,33,4.0,,6.0
868024,Tottenham,175,Eric Dier,90.0,7.2,D,False,2.0,2.0,1.0,,52.0,,40,,1.0,1.0
868024,Tottenham,133,Clément Lenglet,90.0,6.6,D,False,,,,,42.0,,38,1.0,2.0,2.0
868024,Tottenham,207,Ivan Perišić,55.0,6.9,M,False,,,,1.0,26.0,3.0,20,,,
868024,Tottenham,2735,Pierre-Emile Højbjerg,90.0,7.6,M,False,1.0,,,1.0,65.0,2.0,60,1.0,2.0,6.0
868024,Tottenham,863,Rodrigo Bentancur,90.0,8.9,M,False,2.0,2.0,1.0,1.0,45.0,2.0,40,3.0,4.0,4.0
868024,Tottenham,19032,Ryan Sessegnon,90.0,6.3,M,False,,,,,38.0,,27,,1.0,2.0
868024,Tottenham,30435,Dejan Kulusevski,70.0,7.2,F,False,2.0,1.0,,1.0,21.0,1.0,19,2.0,,4.0
868024,Tottenham,2413,Richarlison,59.0,6.3,F,False,,,,,16.0,1.0,12,,1.0,3.0
868024,Tottenham,184,Harry Kane,90.0,7.6,F,False,1.0,1.0,1.0,1.0,26.0,3.0,18,,,5.0
868024,Tottenham,18932,Fraser Forster,,,G,True,,,,,,,,,,
868024,Tottenham,30776,Cristian Romero,31.0,6.9,D,True,,,,,24.0,,23,1.0,1.0,1.0
868024,Tottenham,149550,Japhet Tanganga,,,D,True,,,,,,,,,,
868024,Tottenham,1566,Emerson Royal,35.0,6.6,D,True,,,,,25.0,,20,1.0,,4.0
868024,Tottenham,18968,Yves Bissouma,20.0,6.9,M,True,,,,,19.0,,16,,2.0,1.0
868024,Tottenham,18742,Matt Doherty,,,D,True,,,,,,,,,,
868024,Tottenham,180,Oliver Skipp,,,M,True,,,,,,,,,,
868024,Tottenham,2061,Bryan Gil,,,F,True,,,,,,,,,,
868024,Tottenham,186,Heung-min Son,31.0,9.2,F,True,4.0,4.0,3.0,,7.0,,4,1.0,,3.0
868024,Leicester,18146,Danny Ward,90.0,5.9,G,False,,,,,23.0,,16,,,1.0
868024,Leicester,2920,Timothy Castagne,90.0,6.2,D,False,,,,1.0,43.0,1.0,36,2.0,2.0,4.0
868024,Leicester,18772,Jonny Evans,90.0,6.2,D,False,,,,,85.0,,79,2.0,1.0,2.0
868024,Leicester,8694,Wout Faes,90.0,6,D,False,,,,,86.0,1.0,77,1.0,1.0,3.0
868024,Leicester,19760,James Justin,90.0,6.3,D,False,,,,,77.0,1.0,70,1.0,,8.0
868024,Leicester,18786,Wilfred Ndidi,85.0,5.7,M,False,2.0,,,,49.0,,42,,1.0,1.0
868024,Leicester,18784,James Maddison,90.0,7.6,M,False,4.0,3.0,1.0,,52.0,4.0,43,4.0,1.0,7.0
868024,Leicester,2926,Youri Tielemans,90.0,7.5,M,False,2.0,2.0,1.0,,81.0,,75,3.0,1.0,4.0
868024,Leicester,148099,Kiernan Dewsbury-Hall,74.0,6.3,M,False,1.0,,,,56.0,4.0,48,,,
868024,Leicester,18778,Harvey Barnes,90.0,6.2,M,False,3.0,,,,31.0,,27,1.0,1.0,2.0
868024,Leicester,1098,Patson Daka,74.0,7.2,F,False,2.0,2.0,,,22.0,2.0,15,1.0,,4.0
868024,Leicester,17736,Daniel Iversen,,,G,True,,,,,,,,,,
868024,Leicester,3421,Daniel Amartey,,,D,True,,,,,,,,,,
868024,Leicester,152969,Luke Thomas,,,D,True,,,,,,,,,,
868024,Leicester,18777,Marc Albrighton,,,M,True,,,,,,,,,,
868024,Leicester,18906,Ayoze Pérez,,,F,True,,,,,,,,,,
868024,Leicester,22233,Boubakary Soumaré,10.0,6.3,M,True,,,,,8.0,,8,1.0,,1.0
868024,Leicester,2925,Dennis Praet,,,M,True,,,,,,,,,,
868024,Leicester,2778,Kelechi Iheanacho,16.0,6.7,F,True,,,,,15.0,2.0,12,,,
868024,Leicester,18788,Jamie Vardy,16.0,6.5,F,True,,,,,4.0,,4,,,
868017,Brentford,19465,David Raya,90.0,6.7,G,False,,,,,40.0,,25,,,1.0
868017,Brentford,1119,Kristoffer Ajer,90.0,6,D,False,,,,,31.0,,23,,1.0,2.0
868017,Brentford,19124,Pontus Jansson,90.0,6.3,D,False,,,,,41.0,,35,1.0,1.0,7.0
868017,Brentford,18917,Ben Mee,90.0,6.7,D,False,,,,,39.0,,26,,4.0,6.0
868017,Brentford,44871,Aaron Hickey,90.0,7.3,M,False,,,,,25.0,,21,5.0,2.0,10.0
868017,Brentford,19362,Joshua Dasilva,63.0,6.3,M,False,,,,,14.0,,10,1.0,,1.0
868017,Brentford,25073,Vitaly Janelt,63.0,6.6,M,False,,,,,18.0,,13,2.0,2.0,4.0
868017,Brentford,47438,Mathias Jensen,69.0,7.2,M,False,,,,,25.0,1.0,19,3.0,,5.0
868017,Brentford,19346,Rico Henry,90.0,6.6,M,False,,,,,20.0,1.0,14,3.0,,3.0
868017,Brentford,20589,Bryan Mbeumo,76.0,6.3,F,False,2.0,1.0,,,11.0,,9,,,1.0
868017,Brentford,19974,Ivan Toney,90.0,6.9,F,False,2.0,,,,16.0,1.0,8,3.0,1.0,9.0
868017,Brentford,1835,Thomas Strakosha,,,G,True,,,,,,,,,,
868017,Brentford,2731,Zanka,,,D,True,,,,,,,,,,
868017,Brentford,20110,Shandon Baptiste,21.0,7,M,True,,,,,18.0,1.0,16,,,
868017,Brentford,19352,Sergi Canós,,,F,True,,,,,,,,,,
868017,Brentford,15745,Mads Roerslev Rasmussen,,,D,True,,,,,,,,,,
868017,Brentford,15799,Frank Onyeka,27.0,6.5,M,True,,,,,11.0,,11,1.0,,2.0
868017,Brentford,15908,Mikkel Damsgaard,27.0,6.6,M,True,1.0,1.0,,,10.0,1.0,7,1.0,1.0,2.0
868017,Brentford,2699,Saman Ghoddos,,,F,True,,,,,,,,,,
868017,Brentford,20649,Yoane Wissa,14.0,6.5,M,True,,,,,2.0,,1,1.0,,2.0
868017,Arsenal,20355,Aaron Ramsdale,90.0,7.2,G,False,,,,,22.0,,9,,,
868017,Arsenal,19959,Benjamin White,86.0,7.2,D,False,,,,,71.0,2.0,63,,2.0,4.0
868017,Arsenal,22090,William Saliba,90.0,7.9,D,False,1.0,1.0,1.0,,64.0,,57,3.0,,6.0
868017,Arsenal,22224,Gabriel Magalhães,90.0,7,D,False,1.0,,,,63.0,,55,1.0,,4.0
868017,Arsenal,1117,Kieran Tierney,90.0,7.3,D,False,1.0,,,,49.0,1.0,42,1.0,1.0,2.0
868017,Arsenal,41725,Fábio Vieira,89.0,7.2,M,False,1.0,1.0,1.0,,43.0,1.0,35,1.0,,2.0
868017,Arsenal,49,Thomas Partey,78.0,6.9,M,False,,,,,85.0,,73,1.0,,4.0
868017,Arsenal,1464,Granit Xhaka,90.0,7.3,M,False,1.0,,,1.0,56.0,3.0,50,,1.0,3.0
868017,Arsenal,1460,Bukayo Saka,89.0,7.6,F,False,2.0,1.0,,2.0,43.0,3.0,40,2.0,1.0,2.0
868017,Arsenal,643,Gabriel Jesus,90.0,7.2,F,False,3.0,3.0,1.0,,36.0,,33,2.0,,5.0
868017,Arsenal,127769,Gabriel Martinelli,78.0,6.9,F,False,1.0,1.0,,,28.0,2.0,24,,1.0,5.0
868017,Arsenal,50999,Matt Turner,,,G,True,,,,,,,,,,
868017,Arsenal,2597,Takehiro Tomiyasu,9.0,6.5,D,True,,,,,8.0,,8,,,
868017,Arsenal,1440,Rob Holding,,,D,True,,,,,,,,,,
868017,Arsenal,284439,Lino Sousa,,,D,True,,,,,,,,,,
868017,Arsenal,1427,Albert Sambi Lokonga,12.0,6.7,M,True,,,,,14.0,,14,1.0,,2.0
868017,Arsenal,167658,Matthew Smith,,,M,True,,,,,,,,,,
868017,Arsenal,313236,Ethan Nwaneri,1.0,,M,True,,,,,,,,,,
868017,Arsenal,311520,Marquinhos,1.0,,F,True,,,,,3.0,,2,,,
868017,Arsenal,1468,Edward Nketiah,12.0,6.5,F,True,,,,,7.0,,4,,,1.0
868020,Everton,18858,Asmir Begović,90.0,8,G,False,,,,,25.0,,16,,,1.0
868020,Everton,138417,Nathan Patterson,90.0,7.3,D,False,,,,,35.0,,27,3.0,1.0,5.0
868020,Everton,18741,Conor Coady,90.0,6.6,D,False,,,,,60.0,,50,,3.0,
868020,Everton,2936,James Tarkowski,90.0,7.9,D,False,,,,,49.0,,42,,1.0,1.0
868020,Everton,2165,Vitaliy Mykolenko,90.0,7.9,D,False,1.0,,,,43.0,1.0,37,5.0,1.0,5.0
868020,Everton,162714,Amadou Onana,90.0,7.3,M,False,1.0,,,,36.0,,28,3.0,1.0,10.0
868020,Everton,2990,Idrissa Gueye,90.0,7.2,M,False,,,,,61.0,,55,1.0,3.0,6.0
868020,Everton,1455,Alex Iwobi,90.0,7.2,M,False,2.0,,,1.0,56.0,2.0,46,1.0,,3.0
868020,Everton,18781,Demarai Gray,81.0,7.2,F,False,1.0,1.0,,,35.0,2.0,29,,,3.0
868020,Everton,19364,Neal Maupay,89.0,7.2,F,False,1.0,1.0,1.0,,29.0,,27,1.0,,4.0
868020,Everton,138787,Anthony Gordon,74.0,6.7,F,False,,,,,14.0,,11,4.0,,5.0
868020,Everton,18770,Eldin Jakupović,,,G,True,,,,,,,,,,
868020,Everton,2934,Michael Keane,,,D,True,,,,,,,,,,
868020,Everton,18758,Séamus Coleman,,,D,True,,,,,,,,,,
868020,Everton,18762,Tom Davies,,,M,True,,,,,,,,,,
868020,Everton,18805,Abdoulaye Doucouré,9.0,6.3,M,True,,,,,11.0,,8,,,1.0
868020,Everton,18745,Rúben Vinagre,,,D,True,,,,,,,,,,
868020,Everton,895,James Garner,,,M,True,,,,,,,,,,
868020,Everton,18929,Dwight McNeil,16.0,6,M,True,,,,,5.0,,4,,,
868020,Everton,2461,Salomón Rondón,1.0,,F,True,,,,,5.0,,5,,,1.0
868020,West Ham,2997,Łukasz Fabiański,90.0,6.3,G,False,,,,,22.0,,16,,,1.0
868020,West Ham,1231,Vladimír Coufal,90.0,6.9,D,False,,,,,44.0,1.0,29,4.0,1.0,7.0
868020,West Ham,2726,Kurt Zouma,90.0,7.2,D,False,1.0,1.0,,,34.0,,29,,2.0,1.0
868020,West Ham,261,Thilo Kehrer,90.0,6.6,D,False,,,,,37.0,,33,1.0,3.0,4.0
868020,West Ham,18813,Aaron Cresswell,89.0,6.9,D,False,,,,,39.0,2.0,30,1.0,,1.0
868020,West Ham,1243,Tomáš Souček,90.0,7.2,M,False,1.0,,,,36.0,1.0,27,3.0,2.0,5.0
868020,West Ham,2937,Declan Rice,90.0,7.2,M,False,,,,,55.0,1.0,51,3.0,1.0,3.0
868020,West Ham,19428,Jarrod Bowen,90.0,7.3,M,False,1.0,,,,33.0,3.0,24,2.0,3.0,3.0
868020,West Ham,1646,Lucas Paquetá,61.0,6.2,M,False,1.0,1.0,,,22.0,,21,,,2.0
868020,West Ham,1697,Pablo Fornals,61.0,6.2,M,False,,,,,31.0,1.0,27,2.0,2.0,3.0
868020,West Ham,18819,Michail Antonio,70.0,6.9,F,False,1.0,1.0,,,9.0,1.0,5,,,3.0
868020,West Ham,253,Alphonse Aréola,,,G,True,,,,,,,,,,
868020,West Ham,2284,Emerson Palmieri,1.0,,D,True,,,,,2.0,,2,,,
868020,West Ham,18817,Angelo Ogbonna,,,D,True,,,,,,,,,,
868020,West Ham,19147,Craig Dawson,,,D,True,,,,,,,,,,
868020,West Ham,19361,Saïd Benrahma,29.0,6.6,F,True,,,,,11.0,,8,,,1.0
868020,West Ham,19733,Flynn Downes,,,M,True,,,,,,,,,,
868020,West Ham,2473,Manuel Lanzini,,,M,True,,,,,,,,,,
868020,West Ham,665,Maxwel Cornet,29.0,7,F,True,2.0,1.0,,,10.0,,6,2.0,,4.0
868020,West Ham,30544,Gianluca Scamacca,20.0,6.5,F,True,,,,,3.0,,1,,,
868027,Arsenal,20355,Aaron Ramsdale,90.0,6.9,G,False,,,,,16.0,,12,,,
868027,Arsenal,19959,Benjamin White,89.0,7.5,D,False,1.0,,,1.0,61.0,2.0,52,3.0,,3.0
868027,Arsenal,22090,William Saliba,90.0,6.9,D,False,,,,,70.0,,67,3.0,,5.0
868027,Arsenal,22224,Gabriel Magalhães,90.0,6.7,D,False,,,,,61.0,,56,1.0,1.0,6.0
868027,Arsenal,641,Oleksandr Zinchenko,73.0,6.9,D,False,1.0,,,,59.0,,53,1.0,,4.0
868027,Arsenal,37127,Martin Ødegaard,80.0,6.6,M,False,2.0,1.0,,,40.0,1.0,32,,1.0,3.0
868027,Arsenal,49,Thomas Partey,73.0,8,M,False,1.0,1.0,1.0,,55.0,4.0,52,1.0,3.0,2.0
868027,Arsenal,1464,Granit Xhaka,90.0,7.3,M,False,3.0,1.0,1.0,,46.0,1.0,40,,,1.0
868027,Arsenal,1460,Bukayo Saka,90.0,7.2,F,False,3.0,1.0,,,32.0,5.0,30,1.0,,3.0
868027,Arsenal,643,Gabriel Jesus,80.0,7.5,F,False,4.0,3.0,1.0,,21.0,1.0,18,2.0,,7.0
868027,Arsenal,127769,Gabriel Martinelli,90.0,7.5,F,False,2.0,1.0,,1.0,38.0,2.0,36,2.0,,7.0
868027,Arsenal,50999,Matt Turner,,,G,True,,,,,,,,,,
868027,Arsenal,2597,Takehiro Tomiyasu,1.0,,D,True,,,,,3.0,,2,,,
868027,Arsenal,1440,Rob Holding,,,D,True,,,,,,,,,,
868027,Arsenal,1117,Kieran Tierney,17.0,6.9,D,True,1.0,1.0,,,25.0,,24,,,
868027,Arsenal,727,Reiss Nelson,,,F,True,,,,,,,,,,
868027,Arsenal,1427,Albert Sambi Lokonga,17.0,6.3,M,True,,,,,26.0,,26,,,
868027,Arsenal,41725,Fábio Vieira,10.0,6.3,M,True,,,,,8.0,1.0,7,,1.0,
868027,Arsenal,311520,Marquinhos,,,F,True,,,,,,,,,,
868027,Arsenal,1468,Edward Nketiah,10.0,6.7,F,True,,,,,4.0,,4,,,2.0
868027,Tottenham,159,Hugo Lloris,90.0,6.6,G,False,,,,,25.0,,15,,,2.0
868027,Tottenham,30776,Cristian Romero,90.0,5.9,D,False,,,,,34.0,,26,3.0,,4.0
868027,Tottenham,175,Eric Dier,90.0,6.6,D,False,,,,,40.0,2.0,35,1.0,,3.0
868027,Tottenham,133,Clément Lenglet,71.0,6.2,D,False,,,,,28.0,,21,1.0,,3.0
868027,Tottenham,1566,Emerson Royal,62.0,5.6,M,False,,,,,26.0,,22,1.0,1.0,4.0
868027,Tottenham,2735,Pierre-Emile Højbjerg,75.0,6.7,M,False,1.0,,,,35.0,,31,3.0,1.0,3.0
868027,Tottenham,863,Rodrigo Bentancur,90.0,6.6,M,False,,,,,35.0,,29,2.0,2.0,4.0
868027,Tottenham,207,Ivan Perišić,71.0,6.2,M,False,1.0,,,,12.0,1.0,11,,,
868027,Tottenham,2413,Richarlison,71.0,6.3,F,False,1.0,1.0,,,17.0,1.0,12,1.0,,3.0
868027,Tottenham,186,Heung-min Son,71.0,6.9,F,False,,,,,21.0,1.0,15,,,3.0
868027,Tottenham,184,Harry Kane,90.0,7,F,False,2.0,2.0,1.0,,13.0,,11,,,3.0
868027,Tottenham,18932,Fraser Forster,,,G,True,,,,,,,,,,
868027,Tottenham,168,Davinson Sánchez,19.0,6.6,D,True,,,,,5.0,,2,,1.0,
868027,Tottenham,237129,Pape Matar Sarr,,,M,True,,,,,,,,,,
868027,Tottenham,18742,Matt Doherty,19.0,6.2,D,True,,,,,6.0,,3,,,1.0
868027,Tottenham,19032,Ryan Sessegnon,19.0,6.6,M,True,,,,,3.0,,2,2.0,,2.0
868027,Tottenham,180,Oliver Skipp,15.0,6.3,M,True,,,,,5.0,,3,2.0,,2.0
868027,Tottenham,18968,Yves Bissouma,19.0,6.3,M,True,,,,,2.0,,2,,,
868027,Tottenham,19235,Djed Spence,,,D,True,,,,,,,,,,
868027,Tottenham,2061,Bryan Gil,,,F,True,,,,,,,,,,
868026,Bournemouth,912,Neto,90.0,8.2,G,False,,,,,30.0,,19,,,1.0
868026,Bournemouth,18869,Adam Smith,90.0,7.2,D,False,,,,,45.0,1.0,37,2.0,1.0,2.0
868026,Bournemouth,18866,Chris Mepham,90.0,7.3,D,False,,,,,30.0,,24,2.0,1.0,4.0
868026,Bournemouth,6610,Marcos Senesi,90.0,7.5,D,False,,,,,46.0,1.0,37,2.0,3.0,3.0
868026,Bournemouth,19824,Jordan Zemura,90.0,7.3,D,False,,,,,28.0,,20,3.0,2.0,3.0
868026,Bournemouth,19245,Marcus Tavernier,90.0,6.3,M,False,1.0,,,,28.0,,21,1.0,,2.0
868026,Bournemouth,18872,Lewis Cook,90.0,6.3,M,False,,,,,30.0,,27,1.0,,4.0
868026,Bournemouth,2490,Jefferson Lerma,90.0,7.2,M,False,2.0,1.0,,,67.0,,56,1.0,2.0,5.0
868026,Bournemouth,2734,Philip Billing,90.0,6.3,M,False,1.0,,,,28.0,,21,2.0,,5.0
868026,Bournemouth,19804,Kieffer Moore,72.0,6.9,F,False,,,,,19.0,1.0,14,,,7.0
868026,Bournemouth,18883,Dominic Solanke,90.0,6.6,F,False,1.0,,,,16.0,2.0,14,,,4.0
868026,Bournemouth,18860,Mark Travers,,,G,True,,,,,,,,,,
868026,Bournemouth,20093,James Hill,,,D,True,,,,,,,,,,
868026,Bournemouth,18940,Jack Stephens,,,D,True,,,,,,,,,,
868026,Bournemouth,19769,Jack Stacey,,,D,True,,,,,,,,,,
868026,Bournemouth,19356,Emiliano Marcondes,,,M,True,,,,,,,,,,
868026,Bournemouth,1125,Ryan Christie,18.0,6.3,M,True,,,,,8.0,,7,,,
868026,Bournemouth,196855,Jaidon Anthony,,,F,True,,,,,,,,,,
868026,Bournemouth,19964,Siriki Dembélé,,,M,True,,,,,,,,,,
868026,Bournemouth,19866,Jamal Lowe,,,F,True,,,,,,,,,,
868026,Brentford,19465,David Raya,90.0,6.9,G,False,,,,,45.0,,37,,,
868026,Brentford,1119,Kristoffer Ajer,61.0,6.9,D,False,1.0,,,,47.0,,44,1.0,,2.0
868026,Brentford,19124,Pontus Jansson,64.0,7,D,False,1.0,,,,47.0,,39,,3.0,3.0
868026,Brentford,18917,Ben Mee,90.0,7.9,D,False,1.0,1.0,,,69.0,,54,3.0,1.0,8.0
868026,Brentford,19346,Rico Henry,90.0,7.2,D,False,,,,,27.0,1.0,25,5.0,1.0,6.0
868026,Brentford,20110,Shandon Baptiste,84.0,7.2,M,False,,,,,44.0,2.0,36,1.0,,2.0
868026,Brentford,25073,Vitaly Janelt,90.0,7.3,M,False,,,,,48.0,2.0,44,3.0,,4.0
868026,Brentford,47438,Mathias Jensen,90.0,7.7,M,False,,,,,58.0,2.0,47,4.0,1.0,5.0
868026,Brentford,20589,Bryan Mbeumo,61.0,6.6,F,False,1.0,,,,22.0,,17,1.0,,3.0
868026,Brentford,19974,Ivan Toney,90.0,6.9,F,False,3.0,1.0,,,19.0,,15,,,3.0
868026,Brentford,15908,Mikkel Damsgaard,61.0,7.2,F,False,2.0,2.0,,,20.0,1.0,13,1.0,,4.0
868026,Brentford,278041,Matthew Cox,,,G,True,,,,,,,,,,
868026,Brentford,2731,Zanka,26.0,6.9,D,True,,,,,32.0,,30,1.0,,1.0
868026,Brentford,2699,Saman Ghoddos,,,F,True,,,,,,,,,,
868026,Brentford,15799,Frank Onyeka,11.0,6.3,M,True,,,,,,,,,,
868026,Brentford,15745,Mads Roerslev Rasmussen,,,D,True,,,,,,,,,,
868026,Brentford,382925,Ryan Trevitt,,,M,True,,,,,,,,,,
868026,Brentford,19362,Joshua Dasilva,29.0,7,M,True,,,,,19.0,2.0,14,,,
868026,Brentford,44871,Aaron Hickey,29.0,6.3,D,True,,,,,27.0,,22,,1.0,2.0
868026,Brentford,20649,Yoane Wissa,29.0,6.3,M,True,,,,,6.0,,3,,,1.0
868029,Fulham,1438,Bernd Leno,90.0,7.3,G,False,,,,,36.0,,13,,,
868029,Fulham,946,Kevin Mbabu,45.0,5.9,D,False,,,,,10.0,,6,,1.0,1.0
868029,Fulham,19145,Tosin Adarabioyo,90.0,5.9,D,False,,,,,24.0,,19,,,1.0
868029,Fulham,19023,Tim Ream,90.0,5.9,D,False,,,,,25.0,,17,,1.0,2.0
868029,Fulham,263,Layvin Kurzawa,45.0,6.3,D,False,,,,,7.0,,4,2.0,1.0,2.0
868029,Fulham,19480,Harrison Reed,90.0,6.7,M,False,,,,,30.0,,20,4.0,4.0,5.0
868029,Fulham,18803,Nathaniel Chalobah,8.0,3,M,False,,,,,1.0,,1,1.0,,1.0
868029,Fulham,19329,Daniel James,70.0,6.3,M,False,,,,,12.0,,8,1.0,,4.0
868029,Fulham,899,Andreas Pereira,90.0,6.3,M,False,,,,,32.0,1.0,18,1.0,,2.0
868029,Fulham,19004,Bobby Reid,90.0,6.7,M,False,1.0,1.0,1.0,,20.0,,15,,,
868029,Fulham,2825,Aleksandar Mitrović,37.0,6.2,F,False,,,,,6.0,,3,,,
868029,Fulham,19657,Marek Rodák,,,G,True,,,,,,,,,,
868029,Fulham,18814,Issa Diop,45.0,6.6,D,True,,,,,27.0,,23,,1.0,
868029,Fulham,18962,Shane Duffy,,,D,True,,,,,,,,,,
868029,Fulham,284471,Stefan Parkes,,,D,True,,,,,,,,,,
868029,Fulham,153077,Luke Harris,,,M,True,,,,,,,,,,
868029,Fulham,19027,Neeskens Kebano,20.0,7.2,M,True,,,,1.0,10.0,1.0,6,1.0,,3.0
868029,Fulham,19393,Joshua Onomah,,,M,True,,,,,,,,,,
868029,Fulham,19025,Tom Cairney,45.0,7.2,M,True,1.0,,,,28.0,,26,3.0,,5.0
868029,Fulham,104,Carlos Vinícius,53.0,6.3,F,True,,,,,13.0,1.0,11,,,3.0
868029,Newcastle,18911,Nick Pope,90.0,6.2,G,False,,,,,15.0,,12,,,
868029,Newcastle,169,Kieran Trippier,83.0,8.2,D,False,,,,,70.0,3.0,57,2.0,1.0,3.0
868029,Newcastle,2806,Fabian Schär,83.0,7,D,False,,,,,73.0,1.0,65,,,3.0
868029,Newcastle,38734,Sven Botman,90.0,7.2,D,False,1.0,1.0,,,68.0,1.0,64,1.0,1.0,4.0
868029,Newcastle,18961,Dan Burn,83.0,7.3,D,False,1.0,1.0,,,62.0,,57,1.0,1.0,2.0
868029,Newcastle,18901,Sean Longstaff,90.0,7.3,M,False,2.0,1.0,1.0,,50.0,2.0,44,3.0,,5.0
868029,Newcastle,10135,Bruno Guimarães,59.0,8.3,M,False,,,,1.0,59.0,4.0,52,3.0,,5.0
868029,Newcastle,1463,Joe Willock,90.0,7.7,M,False,2.0,2.0,,2.0,50.0,4.0,47,1.0,,3.0
868029,Newcastle,2507,Miguel Almirón,90.0,8.5,F,False,2.0,2.0,2.0,,43.0,,40,1.0,,2.0
868029,Newcastle,2939,Callum Wilson,66.0,7.2,F,False,3.0,1.0,1.0,,4.0,,3,,,2.0
868029,Newcastle,19163,Jacob Murphy,90.0,7.3,F,False,3.0,2.0,,,42.0,2.0,27,2.0,,2.0
868029,Newcastle,1972,Loris Karius,,,G,True,,,,,,,,,,
868029,Newcastle,18894,Jamaal Lascelles,11.0,6.3,D,True,,,,,9.0,,8,,,2.0
868029,Newcastle,18892,Paul Dummett,,,D,True,,,,,,,,,,
868029,Newcastle,19076,Jamal Lewis,11.0,6.2,D,True,,,,,12.0,,10,,,
868029,Newcastle,18941,Matt Targett,11.0,6.2,D,True,,,,,5.0,,5,,,
868029,Newcastle,138908,Elliot Anderson,31.0,6.5,M,True,,,,,21.0,1.0,19,1.0,1.0,1.0
868029,Newcastle,18873,Ryan Fraser,24.0,6.7,M,True,,,,,22.0,1.0,20,,,1.0
868029,Newcastle,723,Joelinton,,,F,True,,,,,,,,,,
868029,Newcastle,18931,Chris Wood,,,F,True,,,,,,,,,,
868032,Liverpool,280,Alisson,90.0,6.5,G,False,,,,,24.0,,20,,,
868032,Liverpool,283,Trent Alexander-Arnold,90.0,6.9,D,False,3.0,1.0,,,49.0,,37,2.0,1.0,4.0
868032,Liverpool,286,Joël Matip,90.0,6.7,D,False,,,,,49.0,,35,2.0,1.0,2.0
868032,Liverpool,290,Virgil van Dijk,90.0,6.2,D,False,1.0,1.0,,,63.0,,56,2.0,2.0,5.0
868032,Liverpool,1600,Konstantinos Tsimikas,59.0,6.2,D,False,,,,,42.0,1.0,37,1.0,,2.0
868032,Liverpool,292,Jordan Henderson,59.0,6.9,M,False,,,,,30.0,2.0,26,,,1.0
868032,Liverpool,299,Fabinho,90.0,7.2,M,False,,,,,58.0,,47,3.0,3.0,6.0
868032,Liverpool,507,Thiago Alcântara,89.0,7.3,M,False,,,,,74.0,2.0,62,3.0,1.0,9.0
868032,Liverpool,306,Mohamed Salah,90.0,6,F,False,4.0,2.0,,1.0,20.0,1.0,16,,,
868032,Liverpool,302,Roberto Firmino,75.0,8,F,False,3.0,3.0,2.0,,35.0,1.0,30,,,3.0
868032,Liverpool,153066,Fabio Carvalho,45.0,6.7,F,False,,,,,23.0,,18,,1.0,3.0
868032,Liverpool,18812,Adrián,,,G,True,,,,,,,,,,
868032,Liverpool,284,Joe Gomez,,,D,True,,,,,,,,,,
868032,Liverpool,127472,Nathaniel Phillips,,,D,True,,,,,,,,,,
868032,Liverpool,150,Arthur,,,M,True,,,,,,,,,,
868032,Liverpool,296,James Milner,31.0,6.2,M,True,,,,,18.0,,13,,,
868032,Liverpool,19035,Harvey Elliott,31.0,6.7,M,True,1.0,,,,15.0,1.0,14,,,
868032,Liverpool,51617,Darwin Núñez,1.0,,F,True,1.0,,,,2.0,,,,,1.0
868032,Liverpool,2678,Diogo Jota,15.0,6.3,F,True,,,,,6.0,,4,1.0,,1.0
868032,Liverpool,2489,Luis Díaz,45.0,7,F,True,,,,1.0,22.0,1.0,17,1.0,,5.0
868032,Brighton,18959,Robert Sánchez,90.0,6.6,G,False,,,,,38.0,,18,,,
868032,Brighton,537,Joël Veltman,90.0,6.5,D,False,,,,,36.0,,27,3.0,2.0,4.0
868032,Brighton,18963,Lewis Dunk,90.0,6.3,D,False,,,,,74.0,,64,2.0,1.0,3.0
868032,Brighton,19265,Adam Webster,90.0,6.7,D,False,,,,,63.0,,54,1.0,3.0,3.0
868032,Brighton,18973,Solly March,90.0,7.2,M,False,,,,1.0,27.0,2.0,19,3.0,1.0,6.0
868032,Brighton,6716,Alexis Mac Allister,90.0,7.3,M,False,,,,,51.0,,47,5.0,2.0,8.0
868032,Brighton,116117,Moisés Caicedo,90.0,6.9,M,False,,,,,59.0,,53,2.0,1.0,3.0
868032,Brighton,46731,Pervis Estupiñán,76.0,7.3,M,False,,,,,30.0,1.0,21,5.0,2.0,7.0
868032,Brighton,18970,Pascal Groß,65.0,6.3,F,False,,,,,29.0,,20,,,1.0
868032,Brighton,1946,Leandro Trossard,87.0,8.9,F,False,4.0,4.0,3.0,,23.0,,15,,1.0,1.0
868032,Brighton,1469,Danny Welbeck,90.0,6.7,F,False,2.0,2.0,,1.0,13.0,2.0,11,1.0,,2.0
868032,Brighton,18960,Jason Steele,,,G,True,,,,,,,,,,
868032,Brighton,152953,Levi Colwill,,,D,True,,,,,,,,,,
868032,Brighton,138815,Tariq Lamptey,9.0,6.3,D,True,,,,,1.0,,,,,
868032,Brighton,130423,Billy Gilmour,,,M,True,,,,,,,,,,
868032,Brighton,106835,Kaoru Mitoma,25.0,6.9,M,True,,,,,8.0,,6,1.0,1.0,4.0
868032,Brighton,295,Adam Lallana,14.0,6.3,M,True,,,,,8.0,,4,,,1.0
868032,Brighton,202086,Jeremy Sarmiento,,,F,True,,,,,,,,,,
868032,Brighton,70747,Julio Enciso,,,F,True,,,,,,,,,,
868032,Brighton,26475,Deniz Undav,,,F,True,,,,,,,,,,
868034,Southampton,105971,Gavin Bazunu,90.0,6.3,G,False,,,,,30.0,,20,,,
868034,Southampton,171,Kyle Walker-Peters,90.0,6,D,False,1.0,1.0,,,41.0,2.0,26,,2.0,4.0
868034,Southampton,25061,Armel Bella-Kotchap,90.0,7.2,D,False,2.0,,,,49.0,,41,2.0,2.0,10.0
868034,Southampton,1902,Duje Ćaleta-Car,90.0,6.6,D,False,2.0,1.0,,,64.0,1.0,55,1.0,1.0,1.0
868034,Southampton,284264,Juan Larios,60.0,6.3,D,False,,,,,19.0,,15,2.0,1.0,4.0
868034,Southampton,18945,Stuart Armstrong,89.0,7.3,M,False,1.0,1.0,,,47.0,2.0,41,3.0,,5.0
868034,Southampton,2938,James Ward-Prowse,90.0,7.3,M,False,,,,,69.0,2.0,64,2.0,1.0,2.0
868034,Southampton,1456,Ainsley Maitland-Niles,67.0,6.3,M,False,,,,,29.0,,21,3.0,,3.0
868034,Southampton,19825,Joe Aribo,90.0,7.9,M,False,1.0,1.0,1.0,,34.0,1.0,23,5.0,,10.0
868034,Southampton,190686,Sékou Mara,60.0,6.9,F,False,2.0,,,,7.0,1.0,6,2.0,,3.0
868034,Southampton,19524,Che Adams,90.0,6.6,F,False,2.0,,,1.0,24.0,3.0,20,1.0,,8.0
868034,Southampton,18935,Alex McCarthy,,,G,True,,,,,,,,,,
868034,Southampton,47480,Mohammed Salisu,,,D,True,,,,,,,,,,
868034,Southampton,20600,Romain Perraud,30.0,6.3,D,True,,,,,17.0,1.0,15,,1.0,
868034,Southampton,2114,Moussa Djenepo,,,M,True,,,,,,,,,,
868034,Southampton,18769,Theo Walcott,,,F,True,,,,,,,,,,
868034,Southampton,18946,Mohamed Elyounoussi,9.0,6.7,M,True,,,,,1.0,,1,,,
868034,Southampton,20557,Ibrahima Diallo,,,M,True,,,,,,,,,,
868034,Southampton,19484,Adam Armstrong,30.0,7.3,F,True,4.0,2.0,,,11.0,1.0,11,1.0,,1.0
868034,Southampton,278085,Samuel Edozie,23.0,6.3,F,True,,,,,3.0,1.0,3,,,1.0
868034,Everton,2932,Jordan Pickford,90.0,7.6,G,False,,,,,34.0,,25,,,2.0
868034,Everton,18758,Séamus Coleman,90.0,7.2,D,False,,,,,34.0,1.0,26,,2.0,4.0
868034,Everton,18741,Conor Coady,90.0,7.5,D,False,1.0,1.0,1.0,,36.0,,29,,,3.0
868034,Everton,2936,James Tarkowski,90.0,7,D,False,,,,,39.0,,30,1.0,1.0,5.0
868034,Everton,2165,Vitaliy Mykolenko,90.0,7.5,D,False,,,,,34.0,1.0,28,5.0,3.0,7.0
868034,Everton,162714,Amadou Onana,74.0,7,M,False,1.0,,,1.0,24.0,1.0,19,1.0,,5.0
868034,Everton,2990,Idrissa Gueye,90.0,7.3,M,False,,,,,55.0,,48,4.0,2.0,9.0
868034,Everton,1455,Alex Iwobi,90.0,6.6,M,False,,,,1.0,44.0,3.0,33,3.0,1.0,6.0
868034,Everton,18929,Dwight McNeil,74.0,8.3,F,False,1.0,1.0,1.0,,29.0,2.0,24,2.0,1.0,4.0
868034,Everton,19364,Neal Maupay,89.0,6.5,F,False,2.0,1.0,,,17.0,,15,2.0,,5.0
868034,Everton,18781,Demarai Gray,89.0,6.9,F,False,3.0,2.0,,,25.0,1.0,15,2.0,1.0,4.0
868034,Everton,18858,Asmir Begović,,,G,True,,,,,,,,,,
868034,Everton,2934,Michael Keane,,,D,True,,,,,,,,,,
868034,Everton,18762,Tom Davies,16.0,6.3,M,True,,,,,4.0,,1,,,
868034,Everton,18745,Rúben Vinagre,,,D,True,,,,,,,,,,
868034,Everton,138849,Kyle John,,,D,True,,,,,,,,,,
868034,Everton,895,James Garner,,,M,True,,,,,,,,,,
868034,Everton,18805,Abdoulaye Doucouré,1.0,,M,True,,,,,1.0,,,,,
868034,Everton,2461,Salomón Rondón,9.0,6.9,F,True,1.0,,,,2.0,,,,,2.0
868034,Everton,138787,Anthony Gordon,16.0,6.9,F,True,,,,,2.0,,2,3.0,,4.0
868028,Crystal Palace,18835,Vicente Guaita,90.0,6.3,G,False,,,,,26.0,,14,,,
868028,Crystal Palace,18862,Nathaniel Clyne,44.0,6.2,D,False,,,,,9.0,,6,,,
868028,Crystal Palace,18847,Joel Ward,90.0,6.7,D,False,,,,,32.0,,27,3.0,,6.0
868028,Crystal Palace,67971,Marc Guéhi,90.0,6.9,D,False,,,,,44.0,,39,3.0,2.0,4.0
868028,Crystal Palace,182201,Tyrick Mitchell,90.0,6.3,D,False,,,,,33.0,,20,1.0,,4.0
868028,Crystal Palace,19617,Michael Olise,90.0,7.2,M,False,,,,,39.0,3.0,31,1.0,1.0,8.0
868028,Crystal Palace,3339,Cheick Doucouré,84.0,6.6,M,False,,,,,21.0,1.0,19,,2.0,1.0
868028,Crystal Palace,19586,Eberechi Eze,74.0,7,M,False,4.0,1.0,,,39.0,,35,,,3.0
868028,Crystal Palace,3428,Jordan Ayew,90.0,6.9,F,False,,,,1.0,25.0,1.0,19,1.0,,4.0
868028,Crystal Palace,1135,Odsonne Édouard,84.0,7.2,F,False,1.0,1.0,1.0,,18.0,1.0,13,2.0,,3.0
868028,Crystal Palace,3247,Wilfried Zaha,90.0,6.6,F,False,1.0,1.0,,,26.0,1.0,21,5.0,2.0,8.0
868028,Crystal Palace,19143,Sam Johnstone,,,G,True,,,,,,,,,,
868028,Crystal Palace,18844,James Tomkins,46.0,6.7,D,True,,,,,25.0,,19,1.0,,4.0
868028,Crystal Palace,328808,Malcolm Ebiowei,,,M,True,,,,,,,,,,
868028,Crystal Palace,18806,Will Hughes,11.0,6.2,M,True,,,,,5.0,,5,,,
868028,Crystal Palace,18852,Luka Milivojević,,,M,True,,,,,,,,,,
868028,Crystal Palace,18853,Jaïro Riedewald,,,M,True,,,,,,,,,,
868028,Crystal Palace,18843,Jeffrey Schlupp,16.0,6.5,M,True,,,,,3.0,,2,,,
868028,Crystal Palace,25927,Jean-Philippe Mateta,11.0,6.6,F,True,1.0,,,,3.0,,1,1.0,,3.0
868028,Crystal Palace,266203,John-Kymani Gordon,,,F,True,,,,,,,,,,
868028,Chelsea,2273,Kepa Arrizabalaga,90.0,6.9,G,False,,,,,22.0,,19,1.0,,3.0
868028,Chelsea,19545,Reece James,90.0,7.2,D,False,,,,,63.0,2.0,58,4.0,1.0,5.0
868028,Chelsea,22094,Wesley Fofana,90.0,6.9,D,False,,,,,96.0,,89,,4.0,3.0
868028,Chelsea,259,Thiago Silva,90.0,7.7,D,False,,,,1.0,123.0,1.0,116,1.0,1.0,2.0
868028,Chelsea,2933,Ben Chilwell,90.0,6.9,D,False,1.0,,,,60.0,,53,4.0,,9.0
868028,Chelsea,2291,Mateo Kovačić,90.0,6.2,M,False,,,,,75.0,,66,,1.0,
868028,Chelsea,2289,Jorginho,56.0,6.5,M,False,,,,,38.0,,29,1.0,1.0,1.0
868028,Chelsea,978,Kai Havertz,76.0,6.9,M,False,1.0,,,,23.0,1.0,19,1.0,,5.0
868028,Chelsea,19220,Mason Mount,84.0,6.9,M,False,3.0,,,,34.0,2.0,31,,,4.0
868028,Chelsea,645,Raheem Sterling,90.0,6.9,F,False,2.0,1.0,,,36.0,3.0,24,2.0,,2.0
868028,Chelsea,1465,Pierre-Emerick Aubameyang,75.0,7.2,F,False,2.0,1.0,1.0,,23.0,1.0,20,,1.0,
868028,Chelsea,19012,Marcus Bettinelli,,,G,True,,,,,,,,,,
868028,Chelsea,19720,Trevoh Chalobah,,,D,True,,,,,,,,,,
868028,Chelsea,2280,César Azpilicueta,,,D,True,,,,,,,,,,
868028,Chelsea,318,Kalidou Koulibaly,,,D,True,,,,,,,,,,
868028,Chelsea,2292,Ruben Loftus-Cheek,34.0,6.3,M,True,,,,,29.0,,27,,,
868028,Chelsea,67972,Conor Gallagher,14.0,7.5,M,True,1.0,1.0,1.0,,9.0,,5,1.0,,4.0
868028,Chelsea,548,Hakim Ziyech,,,M,True,,,,,,,,,,
868028,Chelsea,17,Christian Pulišić,11.0,6.6,M,True,,,,1.0,4.0,1.0,3,1.0,,2.0
868028,Chelsea,138822,Armando Broja,15.0,6.3,F,True,,,,,,,,,,1.0
868035,West Ham,2997,Łukasz Fabiański,90.0,7.7,G,False,,,,,33.0,,22,,,
868035,West Ham,261,Thilo Kehrer,90.0,7.3,D,False,,,,,27.0,1.0,25,5.0,1.0,5.0
868035,West Ham,19147,Craig Dawson,90.0,7.2,D,False,,,,,24.0,,23,1.0,,1.0
868035,West Ham,2726,Kurt Zouma,90.0,6.9,D,False,,,,,31.0,,27,,,3.0
868035,West Ham,18813,Aaron Cresswell,90.0,7.3,D,False,,,,,32.0,1.0,24,3.0,2.0,5.0
868035,West Ham,1243,Tomáš Souček,90.0,7.5,M,False,,,,,39.0,2.0,31,5.0,,9.0
868035,West Ham,2937,Declan Rice,90.0,7.7,M,False,,,,,58.0,2.0,50,2.0,2.0,5.0
868035,West Ham,19428,Jarrod Bowen,90.0,7.9,M,False,2.0,2.0,1.0,,24.0,3.0,15,2.0,1.0,7.0
868035,West Ham,1646,Lucas Paquetá,74.0,7,M,False,1.0,,,,42.0,,36,2.0,2.0,5.0
868035,West Ham,665,Maxwel Cornet,34.0,6.7,M,False,1.0,,,,5.0,,3,1.0,,2.0
868035,West Ham,30544,Gianluca Scamacca,66.0,7.3,F,False,2.0,1.0,1.0,,14.0,1.0,10,,,1.0
868035,West Ham,253,Alphonse Aréola,,,G,True,,,,,,,,,,
868035,West Ham,1231,Vladimír Coufal,,,D,True,,,,,,,,,,
868035,West Ham,2284,Emerson Palmieri,16.0,6.7,D,True,,,,,8.0,1.0,7,,,1.0
868035,West Ham,18817,Angelo Ogbonna,,,D,True,,,,,,,,,,
868035,West Ham,2473,Manuel Lanzini,,,M,True,,,,,,,,,,
868035,West Ham,19361,Saïd Benrahma,,,F,True,,,,,,,,,,
868035,West Ham,19733,Flynn Downes,,,M,True,,,,,,,,,,
868035,West Ham,1697,Pablo Fornals,56.0,7,M,True,3.0,1.0,,,24.0,,21,2.0,,2.0
868035,West Ham,18819,Michail Antonio,24.0,6.3,F,True,1.0,1.0,,,11.0,,7,,,1.0
868035,Wolves,1590,José Sá,90.0,6.2,G,False,,,,,17.0,,15,,,
868035,Wolves,18740,Jonny Otto,90.0,6.3,D,False,1.0,1.0,,,82.0,1.0,73,1.0,2.0,2.0
868035,Wolves,2676,Rúben Neves,90.0,6.9,D,False,1.0,,,,91.0,,79,1.0,1.0,2.0
868035,Wolves,18744,Max Kilman,90.0,7.2,D,False,,,,,70.0,,59,1.0,3.0,2.0
868035,Wolves,130,Nélson Semedo,73.0,6.6,M,False,,,,,31.0,1.0,29,,,1.0
868035,Wolves,2677,João Moutinho,90.0,6.7,M,False,,,,,80.0,1.0,72,1.0,1.0,2.0
868035,Wolves,41621,Matheus Nunes,72.0,6.9,M,False,1.0,,,,38.0,2.0,34,3.0,,7.0
868035,Wolves,21138,Rayan Aït Nouri,90.0,6.9,M,False,,,,,54.0,1.0,47,1.0,,6.0
868035,Wolves,1605,Daniel Podence,90.0,7,F,False,4.0,3.0,,,27.0,1.0,22,1.0,,3.0
868035,Wolves,1864,Pedro Neto,24.0,6.3,F,False,,,,,5.0,1.0,4,,,
868035,Wolves,925,Gonçalo Guedes,58.0,6.3,F,False,,,,,16.0,,15,,,1.0
868035,Wolves,19173,Matija Šarkić,,,G,True,,,,,,,,,,
868035,Wolves,280687,Hugo Bueno,,,D,True,,,,,,,,,,
868035,Wolves,41606,Toti Gomes,,,D,True,,,,,,,,,,
868035,Wolves,195717,Yerson Mosquera,,,D,True,,,,,,,,,,
868035,Wolves,157912,Boubacar Traoré,17.0,6.9,M,True,,,,,14.0,,13,1.0,1.0,2.0
868035,Wolves,61178,Connor Ronan,,,M,True,,,,,,,,,,
868035,Wolves,158432,Chem Campbell,18.0,6.6,M,True,1.0,,,,9.0,,7,,,2.0
868035,Wolves,18753,Adama Traoré,66.0,6.9,F,True,2.0,,,,18.0,1.0,13,2.0,,4.0
868035,Wolves,54,Diego Costa,32.0,6.3,F,True,1.0,,,,12.0,,10,,,1.0
868033,Manchester City,617,Ederson,90.0,6.9,G,False,,,,,67.0,,59,,,
868033,Manchester City,627,Kyle Walker,41.0,6.5,D,False,,,,,23.0,,21,,,
868033,Manchester City,5,Manuel Akanji,90.0,6.9,D,False,,,,,73.0,,71,2.0,,6.0
868033,Manchester City,18861,Nathan Aké,90.0,6.3,D,False,,,,,66.0,1.0,58,,,2.0
868033,Manchester City,855,João Cancelo,90.0,6.7,D,False,,,,,64.0,,55,3.0,5.0,9.0
868033,Manchester City,629,Kevin De Bruyne,75.0,8.2,M,False,3.0,2.0,,2.0,31.0,2.0,26,,,3.0
868033,Manchester City,633,İlkay Gündoğan,75.0,7,M,False,1.0,,,,32.0,,30,1.0,1.0,1.0
868033,Manchester City,636,Bernardo Silva,90.0,7.2,M,False,1.0,1.0,,1.0,55.0,3.0,49,3.0,,4.0
868033,Manchester City,631,Phil Foden,75.0,9.7,F,False,5.0,4.0,3.0,,22.0,,21,1.0,1.0,2.0
868033,Manchester City,1100,Erling Haaland,90.0,10,F,False,5.0,3.0,3.0,2.0,23.0,4.0,17,,1.0,3.0
868033,Manchester City,19187,Jack Grealish,75.0,7.5,F,False,,,,,34.0,3.0,28,,1.0,7.0
868033,Manchester City,19197,Scott Carson,,,G,True,,,,,,,,,,
868033,Manchester City,25004,Stefan Ortega,,,G,True,,,,,,,,,,
868033,Manchester City,622,Aymeric Laporte,15.0,6.3,D,True,1.0,,,,20.0,,18,,,1.0
868033,Manchester City,23,Sergio Gómez,49.0,7,M,True,,,,1.0,23.0,2.0,18,1.0,1.0,1.0
868033,Manchester City,284230,Rico Lewis,,,D,True,,,,,,,,,,
868033,Manchester City,567,Rúben Dias,,,D,True,,,,,,,,,,
868033,Manchester City,152982,Cole Palmer,15.0,6.6,M,True,,,,,6.0,1.0,6,1.0,,1.0
868033,Manchester City,6009,Julián Álvarez,15.0,6.3,F,True,,,,,8.0,,5,1.0,,2.0
868033,Manchester City,635,Riyad Mahrez,15.0,6.3,F,True,,,,,4.0,,3,1.0,1.0,2.0
868033,Manchester United,882,David De Gea,90.0,5.3,G,False,,,,,30.0,,19,,,
868033,Manchester United,886,Diogo Dalot,90.0,5.9,D,False,,,,,46.0,1.0,42,,1.0,1.0
868033,Manchester United,742,Raphaël Varane,40.0,6.3,D,False,,,,,17.0,,17,,,
868033,Manchester United,2467,Lisandro Martínez,90.0,6.3,D,False,,,,,69.0,,61,1.0,2.0,2.0
868033,Manchester United,37145,Tyrell Malacia,45.0,5.9,D,False,,,,,15.0,,14,1.0,,3.0
868033,Manchester United,903,Scott McTominay,59.0,7.2,M,False,,,,,27.0,,23,4.0,1.0,4.0
868033,Manchester United,174,Christian Eriksen,90.0,6.2,M,False,1.0,1.0,,1.0,42.0,2.0,35,1.0,,1.0
868033,Manchester United,9971,Antony,90.0,6.9,M,False,3.0,2.0,1.0,,37.0,1.0,31,2.0,1.0,2.0
868033,Manchester United,1485,Bruno Fernandes,90.0,6.2,M,False,1.0,1.0,,,40.0,,31,1.0,,4.0
868033,Manchester United,18,Jadon Sancho,70.0,5.9,M,False,,,,,30.0,2.0,24,,1.0,
868033,Manchester United,909,Marcus Rashford,59.0,6.3,F,False,,,,,8.0,,5,,,1.0
868033,Manchester United,2931,Tom Heaton,,,G,True,,,,,,,,,,
868033,Manchester United,891,Luke Shaw,45.0,6.3,D,True,,,,,29.0,1.0,28,1.0,,1.0
868033,Manchester United,889,Victor Lindelöf,50.0,6.5,D,True,,,,,41.0,,40,1.0,,2.0
868033,Manchester United,905,Fred,20.0,6.9,M,True,1.0,1.0,,,13.0,2.0,13,1.0,,1.0
868033,Manchester United,153430,Anthony Elanga,,,F,True,,,,,,,,,,
868033,Manchester United,70078,Facundo Pellistri,,,M,True,,,,,,,,,,
868033,Manchester United,747,Casemiro,31.0,6.2,M,True,1.0,1.0,,,24.0,,19,1.0,1.0,2.0
868033,Manchester United,908,Anthony Martial,31.0,8.2,F,True,2.0,2.0,2.0,,8.0,,6,,,3.0
868033,Manchester United,874,Cristiano Ronaldo,,,F,True,,,,,,,,,,
868030,Leeds,20619,Illan Meslier,90.0,7.9,G,False,,,,,29.0,,16,,,
868030,Leeds,533,Rasmus Kristensen,68.0,6.9,D,False,,,,,34.0,,24,2.0,2.0,5.0
868030,Leeds,26238,Robin Koch,90.0,7.2,D,False,,,,,49.0,,37,,1.0,5.0
868030,Leeds,19118,Liam Cooper,90.0,7,D,False,1.0,,,,49.0,,39,,,4.0
868030,Leeds,64003,Pascal Struijk,90.0,6.9,D,False,,,,,40.0,,32,1.0,2.0,5.0
868030,Leeds,1150,Tyler Adams,90.0,6.9,M,False,,,,,42.0,,34,1.0,1.0,1.0
868030,Leeds,47341,Marc Roca,58.0,6.9,M,False,,,,,38.0,1.0,28,2.0,,5.0
868030,Leeds,19128,Jack Harrison,79.0,6.2,M,False,,,,,18.0,,12,1.0,,4.0
868030,Leeds,50739,Brenden Aaronson,79.0,6.2,M,False,,,,,16.0,2.0,12,,,3.0
868030,Leeds,37161,Luis Sinisterra,48.0,6,M,False,,,,,19.0,,15,2.0,,6.0
868030,Leeds,935,Rodrigo,68.0,6.3,F,False,1.0,,,,16.0,,11,,,2.0
868030,Leeds,39105,Kristoffer Klaesson,,,G,True,,,,,,,,,,
868030,Leeds,19116,Luke Ayling,22.0,6.3,D,True,,,,,3.0,,1,1.0,,1.0
868030,Leeds,1564,Junior Firpo,32.0,6.7,D,True,,,,,12.0,1.0,4,2.0,,4.0
868030,Leeds,47302,Diego Llorente,,,D,True,,,,,,,,,,
868030,Leeds,3008,Mateusz Klich,11.0,6,M,True,,,,,4.0,,2,,,
868030,Leeds,153400,Sam Greenwood,,,F,True,,,,,,,,,,
868030,Leeds,37724,Crysencio Summerville,11.0,6.3,M,True,,,,,4.0,,2,,,
868030,Leeds,162128,Wilfried Gnonto,,,F,True,,,,,,,,,,
868030,Leeds,19134,Patrick Bamford,22.0,6.6,F,True,1.0,1.0,,,2.0,1.0,1,,,1.0
868030,Aston Villa,19599,Emiliano Martínez,90.0,7.3,G,False,,,,,31.0,,17,,,
868030,Aston Villa,894,Ashley Young,90.0,7.9,D,False,,,,,59.0,5.0,50,1.0,1.0,3.0
868030,Aston Villa,19354,Ezri Konsa,90.0,7.3,D,False,1.0,,,,52.0,,35,1.0,,13.0
868030,Aston Villa,19179,Tyrone Mings,90.0,6.9,D,False,,,,,58.0,,51,1.0,1.0,1.0
868030,Aston Villa,2852,Ludwig Augustinsson,45.0,6.3,D,False,,,,,14.0,,6,1.0,,6.0
868030,Aston Villa,19192,Jacob Ramsey,83.0,6.9,M,False,1.0,,,,28.0,2.0,23,3.0,2.0,7.0
868030,Aston Villa,47522,Douglas Luiz,90.0,7.9,M,False,,,,,61.0,2.0,50,2.0,3.0,8.0
868030,Aston Villa,19191,John McGinn,90.0,7.3,M,False,1.0,,,,43.0,,32,4.0,2.0,9.0
868030,Aston Villa,983,Leon Bailey,64.0,6.9,F,False,1.0,1.0,,,11.0,1.0,5,,,4.0
868030,Aston Villa,19366,Ollie Watkins,90.0,6.2,F,False,6.0,4.0,,,16.0,1.0,9,,,10.0
868030,Aston Villa,147,Philippe Coutinho,90.0,7.5,F,False,4.0,2.0,,,42.0,1.0,35,1.0,,7.0
868030,Aston Villa,766,Robin Olsen,,,G,True,,,,,,,,,,
868030,Aston Villa,2999,Jan Bednarek,45.0,7,D,True,,,,,41.0,,37,2.0,1.0,3.0
868030,Aston Villa,76,Marvelous Nakamba,,,M,True,,,,,,,,,,
868030,Aston Villa,19071,Emiliano Buendía,26.0,6.9,M,True,1.0,,,,22.0,1.0,19,,,
868030,Aston Villa,284457,Lamare Bogarde,,,M,True,,,,,,,,,,
868030,Aston Villa,1914,Morgan Sanson,,,M,True,,,,,,,,,,
868030,Aston Villa,2922,Leander Dendoncker,,,M,True,,,,,,,,,,
868030,Aston Villa,137302,Cameron Archer,,,F,True,,,,,,,,,,
868030,Aston Villa,18955,Danny Ings,12.0,6.7,F,True,,,,,1.0,1.0,1,,,
868031,Leicester,18146,Danny Ward,90.0,7.3,G,False,,,,,26.0,,22,,,1.0
868031,Leicester,2920,Timothy Castagne,90.0,6.9,D,False,,,,,46.0,1.0,43,1.0,1.0,1.0
868031,Leicester,18772,Jonny Evans,90.0,7.5,D,False,,,,,56.0,1.0,45,,2.0,1.0
868031,Leicester,8694,Wout Faes,90.0,7.2,D,False,1.0,,,,70.0,,56,,1.0,6.0
868031,Leicester,19760,James Justin,90.0,6.9,D,False,,,,,49.0,,39,,1.0,4.0
868031,Leicester,18786,Wilfred Ndidi,45.0,6.9,M,False,,,,,14.0,,13,1.0,3.0,2.0
868031,Leicester,18784,James Maddison,85.0,9.5,M,False,3.0,2.0,2.0,1.0,47.0,4.0,43,2.0,2.0,6.0
868031,Leicester,2926,Youri Tielemans,80.0,6.6,M,False,,,,,67.0,2.0,63,,,
868031,Leicester,148099,Kiernan Dewsbury-Hall,90.0,6.9,M,False,3.0,,,,42.0,,31,2.0,3.0,5.0
868031,Leicester,18778,Harvey Barnes,90.0,7.5,M,False,2.0,2.0,1.0,,25.0,3.0,17,1.0,,4.0
868031,Leicester,18788,Jamie Vardy,62.0,6.9,F,False,4.0,2.0,,1.0,7.0,1.0,3,,,
868031,Leicester,17736,Daniel Iversen,,,G,True,,,,,,,,,,
868031,Leicester,152969,Luke Thomas,,,D,True,,,,,,,,,,
868031,Leicester,3421,Daniel Amartey,,,D,True,,,,,,,,,,
868031,Leicester,22233,Boubakary Soumaré,45.0,7,M,True,,,,,27.0,,27,3.0,1.0,4.0
868031,Leicester,18777,Marc Albrighton,9.0,6.7,M,True,,,,,5.0,,5,1.0,,2.0
868031,Leicester,18906,Ayoze Pérez,,,F,True,,,,,,,,,,
868031,Leicester,1098,Patson Daka,28.0,7.2,F,True,1.0,1.0,1.0,,8.0,,6,,,
868031,Leicester,2925,Dennis Praet,10.0,6.7,M,True,,,,,3.0,,3,,,
868031,Leicester,2778,Kelechi Iheanacho,,,F,True,,,,,,,,,,
868031,Nottingham Forest,19088,Dean Henderson,90.0,5.9,G,False,,,,,46.0,,30,,,
868031,Nottingham Forest,138780,Neco Williams,45.0,6.3,D,False,,,,,19.0,,9,2.0,4.0,4.0
868031,Nottingham Forest,18863,Steve Cook,90.0,6.5,D,False,1.0,,,,74.0,,63,1.0,2.0,2.0
868031,Nottingham Forest,44811,Scott McKenna,90.0,6.2,D,False,,,,,62.0,1.0,57,,,1.0
868031,Nottingham Forest,10122,Renan Lodi,90.0,6.2,D,False,,,,,51.0,,39,3.0,3.0,6.0
868031,Nottingham Forest,2991,Cheikhou Kouyaté,45.0,6.5,M,False,,,,,15.0,,10,2.0,1.0,4.0
868031,Nottingham Forest,20503,Lewis O'Brien,45.0,6.3,M,False,,,,,15.0,,11,2.0,,5.0
868031,Nottingham Forest,129711,Brennan Johnson,90.0,6.7,M,False,1.0,1.0,,,24.0,1.0,16,,,4.0
868031,Nottingham Forest,18746,Morgan Gibbs-White,90.0,7,M,False,1.0,1.0,,,39.0,2.0,29,,1.0,1.0
868031,Nottingham Forest,900,Jesse Lingard,69.0,6.3,M,False,,,,,16.0,,14,1.0,,2.0
868031,Nottingham Forest,8598,Taiwo Awoniyi,62.0,6.2,F,False,3.0,1.0,,,8.0,,6,,,2.0
868031,Nottingham Forest,18836,Wayne Hennessey,,,G,True,,,,,,,,,,
868031,Nottingham Forest,163,Serge Aurier,45.0,6.9,D,True,,,,,28.0,1.0,21,2.0,1.0,5.0
868031,Nottingham Forest,18739,Willy Boly,,,D,True,,,,,,,,,,
868031,Nottingham Forest,1746,Joe Worrall,,,D,True,,,,,,,,,,
868031,Nottingham Forest,2807,Remo Freuler,45.0,6.9,M,True,,,,,34.0,1.0,30,,1.0,
868031,Nottingham Forest,24882,Orel Mangala,21.0,6.5,M,True,,,,,12.0,,9,1.0,,3.0
868031,Nottingham Forest,19305,Ryan Yates,45.0,6.3,M,True,1.0,,,,16.0,,14,,,2.0
868031,Nottingham Forest,18884,Sam Surridge,,,F,True,,,,,,,,,,
868031,Nottingham Forest,80,Emmanuel Dennis,28.0,6.9,F,True,1.0,,,,5.0,1.0,4,,,2.0
868043,Newcastle,18911,Nick Pope,90.0,7,G,False,,,,,18.0,,9,,,
868043,Newcastle,169,Kieran Trippier,84.0,7.3,D,False,,,,1.0,52.0,3.0,42,,2.0,1.0
868043,Newcastle,2806,Fabian Schär,90.0,6.7,D,False,,,,,24.0,,18,1.0,1.0,3.0
868043,Newcastle,38734,Sven Botman,90.0,7.2,D,False,,,,,48.0,,42,4.0,,9.0
868043,Newcastle,18961,Dan Burn,90.0,6.7,D,False,,,,,38.0,,26,2.0,,4.0
868043,Newcastle,18901,Sean Longstaff,90.0,6.3,M,False,,,,,43.0,,38,1.0,,2.0
868043,Newcastle,10135,Bruno Guimarães,78.0,8.9,M,False,2.0,2.0,2.0,,53.0,2.0,44,4.0,,6.0
868043,Newcastle,1463,Joe Willock,90.0,6.5,M,False,1.0,,,,36.0,,31,,1.0,1.0
868043,Newcastle,2507,Miguel Almirón,84.0,7.7,F,False,3.0,2.0,1.0,,27.0,1.0,22,1.0,,2.0
868043,Newcastle,2939,Callum Wilson,84.0,6.9,F,False,2.0,,,1.0,15.0,3.0,12,,,2.0
868043,Newcastle,19163,Jacob Murphy,66.0,7.5,F,False,2.0,2.0,1.0,,15.0,1.0,10,,,1.0
868043,Newcastle,1972,Loris Karius,,,G,True,,,,,,,,,,
868043,Newcastle,18894,Jamaal Lascelles,,,D,True,,,,,,,,,,
868043,Newcastle,19076,Jamal Lewis,,,D,True,,,,,,,,,,
868043,Newcastle,18941,Matt Targett,10.0,6.5,D,True,,,,,1.0,,1,,1.0,
868043,Newcastle,138908,Elliot Anderson,10.0,7.2,M,True,,,,,2.0,,,2.0,1.0,4.0
868043,Newcastle,723,Joelinton,24.0,6.9,F,True,,,,,11.0,,11,,,3.0
868043,Newcastle,18873,Ryan Fraser,,,M,True,,,,,,,,,,
868043,Newcastle,22173,Allan Saint-Maximin,12.0,6.6,F,True,,,,,4.0,,3,,,2.0
868043,Newcastle,18931,Chris Wood,10.0,6.6,F,True,,,,,2.0,,,1.0,,3.0
868043,Brentford,19465,David Raya,90.0,4.9,G,False,,,,,38.0,,17,,,
868043,Brentford,1119,Kristoffer Ajer,90.0,6,D,False,,,,,35.0,,27,1.0,2.0,3.0
868043,Brentford,18917,Ben Mee,71.0,6.6,D,False,,,,,29.0,,24,1.0,2.0,3.0
868043,Brentford,19789,Ethan Pinnock,90.0,5.7,D,False,,,,,24.0,,16,,2.0,5.0
868043,Brentford,44871,Aaron Hickey,84.0,6.2,M,False,,,,,25.0,,18,1.0,2.0,5.0
868043,Brentford,20110,Shandon Baptiste,63.0,6.7,M,False,1.0,1.0,,,17.0,1.0,14,,2.0,3.0
868043,Brentford,47438,Mathias Jensen,90.0,7.2,M,False,,,,,56.0,2.0,48,4.0,1.0,5.0
868043,Brentford,19362,Joshua Dasilva,45.0,6.7,M,False,,,,,8.0,,5,1.0,,3.0
868043,Brentford,19346,Rico Henry,90.0,6.2,M,False,,,,,22.0,,17,1.0,2.0,2.0
868043,Brentford,20589,Bryan Mbeumo,63.0,6.5,F,False,1.0,1.0,,,9.0,,6,,,1.0
868043,Brentford,19974,Ivan Toney,90.0,7.2,F,False,1.0,1.0,1.0,,25.0,1.0,19,,,6.0
868043,Brentford,278041,Matthew Cox,,,G,True,,,,,,,,,,
868043,Brentford,2731,Zanka,,,D,True,,,,,,,,,,
868043,Brentford,15745,Mads Roerslev Rasmussen,,,D,True,,,,,,,,,,
868043,Brentford,19352,Sergi Canós,,,F,True,,,,,,,,,,
868043,Brentford,2699,Saman Ghoddos,11.0,6.3,F,True,,,,,3.0,,3,,,2.0
868043,Brentford,15799,Frank Onyeka,27.0,6.5,M,True,,,,,7.0,,6,1.0,,2.0
868043,Brentford,25073,Vitaly Janelt,45.0,6.3,M,True,,,,,11.0,,11,1.0,,1.0
868043,Brentford,15908,Mikkel Damsgaard,19.0,5.9,M,True,,,,,4.0,,4,,,
868043,Brentford,20649,Yoane Wissa,27.0,6.5,M,True,1.0,,,,7.0,,4,,,1.0
868036,Bournemouth,912,Neto,90.0,6.9,G,False,,,,,23.0,,12,,,
868036,Bournemouth,18815,Ryan Fredericks,72.0,6.2,D,False,,,,,33.0,,25,,,
868036,Bournemouth,18866,Chris Mepham,90.0,7,D,False,1.0,,,,60.0,,54,2.0,1.0,3.0
868036,Bournemouth,6610,Marcos Senesi,90.0,7.3,D,False,,,,,53.0,,49,3.0,1.0,3.0
868036,Bournemouth,18869,Adam Smith,90.0,6.7,D,False,,,,,34.0,,29,1.0,4.0,2.0
868036,Bournemouth,1125,Ryan Christie,90.0,7,M,False,3.0,3.0,1.0,,37.0,,32,1.0,1.0,5.0
868036,Bournemouth,18872,Lewis Cook,90.0,6.7,M,False,,,,,35.0,2.0,28,1.0,,3.0
868036,Bournemouth,2490,Jefferson Lerma,90.0,7,M,False,,,,,54.0,1.0,48,1.0,1.0,3.0
868036,Bournemouth,19245,Marcus Tavernier,90.0,6.6,M,False,1.0,,,,35.0,,31,,1.0,7.0
868036,Bournemouth,2734,Philip Billing,77.0,7.5,F,False,1.0,1.0,1.0,,32.0,1.0,30,2.0,,7.0
868036,Bournemouth,18883,Dominic Solanke,89.0,6.5,F,False,,,,1.0,15.0,1.0,12,,,5.0
868036,Bournemouth,18860,Mark Travers,,,G,True,,,,,,,,,,
868036,Bournemouth,19824,Jordan Zemura,,,D,True,,,,,,,,,,
868036,Bournemouth,19769,Jack Stacey,18.0,6.7,D,True,,,,,9.0,,7,1.0,1.0,1.0
868036,Bournemouth,18940,Jack Stephens,,,D,True,,,,,,,,,,
868036,Bournemouth,19356,Emiliano Marcondes,,,M,True,,,,,,,,,,
868036,Bournemouth,19866,Jamal Lowe,,,F,True,,,,,,,,,,
868036,Bournemouth,19964,Siriki Dembélé,,,M,True,,,,,,,,,,
868036,Bournemouth,196855,Jaidon Anthony,13.0,6.2,F,True,,,,,4.0,,2,,,1.0
868036,Bournemouth,19804,Kieffer Moore,1.0,,F,True,,,,,,,,1.0,,2.0
868036,Leicester,18146,Danny Ward,90.0,6.5,G,False,,,,,30.0,,26,,,
868036,Leicester,2920,Timothy Castagne,67.0,6.9,D,False,,,,,35.0,1.0,31,3.0,,6.0
868036,Leicester,18772,Jonny Evans,90.0,7.2,D,False,1.0,1.0,,,77.0,,70,3.0,1.0,9.0
868036,Leicester,8694,Wout Faes,90.0,7.6,D,False,1.0,,,,96.0,1.0,87,7.0,2.0,10.0
868036,Leicester,19760,James Justin,86.0,7,D,False,,,,,62.0,1.0,52,3.0,,8.0
868036,Leicester,22233,Boubakary Soumaré,79.0,6.6,M,False,,,,,39.0,,37,3.0,,6.0
868036,Leicester,18784,James Maddison,90.0,6.9,M,False,1.0,1.0,,,41.0,2.0,36,2.0,,6.0
868036,Leicester,2926,Youri Tielemans,90.0,7.2,M,False,,,,,74.0,,57,5.0,1.0,7.0
868036,Leicester,148099,Kiernan Dewsbury-Hall,90.0,6.9,M,False,,,,,41.0,2.0,35,1.0,2.0,1.0
868036,Leicester,18778,Harvey Barnes,90.0,6.9,M,False,1.0,1.0,,,24.0,,17,4.0,,8.0
868036,Leicester,1098,Patson Daka,67.0,7,F,False,2.0,2.0,1.0,,10.0,,7,,,2.0
868036,Leicester,17736,Daniel Iversen,,,G,True,,,,,,,,,,
868036,Leicester,152969,Luke Thomas,,,D,True,,,,,,,,,,
868036,Leicester,3421,Daniel Amartey,23.0,6.2,D,True,,,,,14.0,,14,,,
868036,Leicester,18906,Ayoze Pérez,10.0,6.7,F,True,,,,,,,,1.0,,1.0
868036,Leicester,18777,Marc Albrighton,,,M,True,,,,,,,,,,
868036,Leicester,289624,Sammy Braybrooke,,,M,True,,,,,,,,,,
868036,Leicester,2778,Kelechi Iheanacho,11.0,6.3,F,True,,,,,2.0,,2,,,
868036,Leicester,2925,Dennis Praet,,,M,True,,,,,,,,,,
868036,Leicester,18788,Jamie Vardy,23.0,6.3,F,True,1.0,,,,6.0,,4,,,
868039,Chelsea,2273,Kepa Arrizabalaga,90.0,7.5,G,False,,,,,28.0,,24,1.0,,1.0
868039,Chelsea,2280,César Azpilicueta,90.0,7.7,D,False,,,,,75.0,3.0,59,2.0,2.0,5.0
868039,Chelsea,19720,Trevoh Chalobah,90.0,7.5,D,False,1.0,1.0,,,80.0,,77,2.0,1.0,3.0
868039,Chelsea,318,Kalidou Koulibaly,90.0,7.9,D,False,1.0,,,,80.0,1.0,72,5.0,1.0,9.0
868039,Chelsea,47380,Marc Cucurella,90.0,7.7,D,False,,,,,68.0,1.0,59,4.0,1.0,5.0
868039,Chelsea,2292,Ruben Loftus-Cheek,66.0,6.9,M,False,1.0,,,,38.0,2.0,34,,,
868039,Chelsea,2289,Jorginho,90.0,7.2,M,False,1.0,1.0,,,58.0,,54,4.0,1.0,7.0
868039,Chelsea,67972,Conor Gallagher,86.0,7.9,M,False,2.0,,,,48.0,3.0,40,5.0,2.0,6.0
868039,Chelsea,19220,Mason Mount,72.0,8.5,M,False,2.0,,,2.0,39.0,5.0,33,,,3.0
868039,Chelsea,17,Christian Pulišić,72.0,7.3,M,False,4.0,2.0,1.0,,32.0,1.0,28,1.0,,1.0
868039,Chelsea,978,Kai Havertz,86.0,6.7,F,False,4.0,2.0,1.0,,22.0,,18,1.0,,2.0
868039,Chelsea,2986,Edouard Mendy,,,G,True,,,,,,,,,,
868039,Chelsea,138935,Carney Chukwuemeka,4.0,,M,True,,,,,1.0,,1,,,1.0
868039,Chelsea,2933,Ben Chilwell,,,D,True,,,,,,,,,,
868039,Chelsea,19545,Reece James,18.0,6.6,D,True,,,,,5.0,,5,1.0,,3.0
868039,Chelsea,2291,Mateo Kovačić,24.0,6.9,M,True,,,,1.0,14.0,1.0,13,,,
868039,Chelsea,138822,Armando Broja,18.0,7.3,F,True,1.0,1.0,1.0,,2.0,,1,,,
868039,Chelsea,548,Hakim Ziyech,4.0,,M,True,,,,,1.0,,,,,
868039,Chelsea,645,Raheem Sterling,,,F,True,,,,,,,,,,
868039,Chelsea,1465,Pierre-Emerick Aubameyang,,,F,True,,,,,,,,,,
868039,Wolves,1590,José Sá,90.0,6.5,G,False,,,,,42.0,,36,,,
868039,Wolves,130,Nélson Semedo,90.0,6.2,D,False,,,,,36.0,,32,2.0,,3.0
868039,Wolves,18744,Max Kilman,90.0,6,D,False,1.0,,,,64.0,,56,,,3.0
868039,Wolves,41606,Toti Gomes,90.0,6.7,D,False,,,,,60.0,,50,2.0,,5.0
868039,Wolves,18740,Jonny Otto,72.0,6.3,D,False,1.0,,,,32.0,,29,,1.0,3.0
868039,Wolves,2677,João Moutinho,90.0,7.9,M,False,1.0,1.0,,,53.0,2.0,48,5.0,3.0,6.0
868039,Wolves,41621,Matheus Nunes,90.0,6.9,M,False,1.0,,,,45.0,1.0,36,2.0,,9.0
868039,Wolves,18753,Adama Traoré,72.0,6.3,M,False,,,,,19.0,1.0,11,,,8.0
868039,Wolves,1605,Daniel Podence,90.0,5.9,M,False,1.0,,,,28.0,,20,,,1.0
868039,Wolves,925,Gonçalo Guedes,45.0,6.9,M,False,,,,,4.0,2.0,3,1.0,,3.0
868039,Wolves,54,Diego Costa,56.0,6.2,F,False,,,,,5.0,,4,,,
868039,Wolves,19173,Matija Šarkić,,,G,True,,,,,,,,,,
868039,Wolves,280687,Hugo Bueno,,,D,True,,,,,,,,,,
868039,Wolves,195717,Yerson Mosquera,,,D,True,,,,,,,,,,
868039,Wolves,204033,Joe Hodge,45.0,6.3,M,True,,,,,23.0,,18,1.0,,1.0
868039,Wolves,61178,Connor Ronan,,,M,True,,,,,,,,,,
868039,Wolves,21138,Rayan Aït Nouri,18.0,6.3,D,True,,,,,5.0,,5,,1.0,
868039,Wolves,158432,Chem Campbell,18.0,6,M,True,1.0,,,,10.0,,8,,,1.0
868039,Wolves,24888,Hee-Chan Hwang,34.0,6.3,F,True,1.0,1.0,,,5.0,,4,,,
868042,Manchester City,617,Ederson,90.0,6.9,G,False,,,,,34.0,,31,,,
868042,Manchester City,5,Manuel Akanji,90.0,7.3,D,False,1.0,,,,79.0,,71,4.0,1.0,5.0
868042,Manchester City,567,Rúben Dias,90.0,7.3,D,False,1.0,,,,96.0,,87,,2.0,3.0
868042,Manchester City,18861,Nathan Aké,90.0,7.3,D,False,,,,,94.0,,89,2.0,1.0,9.0
868042,Manchester City,855,João Cancelo,70.0,8.7,D,False,1.0,1.0,1.0,1.0,70.0,3.0,63,2.0,1.0,7.0
868042,Manchester City,44,Rodri,90.0,8.2,M,False,,,,1.0,104.0,2.0,95,3.0,1.0,5.0
868042,Manchester City,636,Bernardo Silva,78.0,7.2,M,False,1.0,,,,73.0,,72,1.0,1.0,1.0
868042,Manchester City,635,Riyad Mahrez,70.0,7.6,M,False,4.0,2.0,1.0,,38.0,,33,1.0,,3.0
868042,Manchester City,629,Kevin De Bruyne,70.0,7.7,M,False,,,,1.0,32.0,3.0,26,,,1.0
868042,Manchester City,631,Phil Foden,58.0,9,M,False,4.0,3.0,1.0,1.0,38.0,4.0,26,,,
868042,Manchester City,1100,Erling Haaland,90.0,6.7,F,False,3.0,1.0,1.0,,13.0,2.0,10,,,
868042,Manchester City,25004,Stefan Ortega,,,G,True,,,,,,,,,,
868042,Manchester City,278128,Josh Wilson-Esbrand,,,D,True,,,,,,,,,,
868042,Manchester City,284230,Rico Lewis,12.0,6.7,D,True,,,,,12.0,,10,1.0,,1.0
868042,Manchester City,622,Aymeric Laporte,,,D,True,,,,,,,,,,
868042,Manchester City,23,Sergio Gómez,20.0,6.6,M,True,1.0,,,,15.0,,12,,,1.0
868042,Manchester City,633,İlkay Gündoğan,,,M,True,,,,,,,,,,
868042,Manchester City,152982,Cole Palmer,20.0,6.6,M,True,,,,,12.0,,11,,1.0,2.0
868042,Manchester City,6009,Julián Álvarez,20.0,6.7,F,True,,,,,10.0,1.0,9,,,
868042,Manchester City,19187,Jack Grealish,32.0,6.9,M,True,1.0,1.0,,,24.0,2.0,21,1.0,,3.0
868042,Southampton,105971,Gavin Bazunu,90.0,6.5,G,False,,,,,61.0,,36,1.0,,2.0
868042,Southampton,171,Kyle Walker-Peters,79.0,6.3,D,False,,,,,27.0,,21,2.0,2.0,3.0
868042,Southampton,25061,Armel Bella-Kotchap,90.0,6.9,D,False,,,,,49.0,,41,2.0,3.0,4.0
868042,Southampton,47480,Mohammed Salisu,90.0,6.9,D,False,,,,,54.0,,46,5.0,,6.0
868042,Southampton,20600,Romain Perraud,90.0,5.9,D,False,1.0,,,,31.0,,28,3.0,,3.0
868042,Southampton,18945,Stuart Armstrong,66.0,5.9,M,False,1.0,,,,14.0,,12,1.0,1.0,1.0
868042,Southampton,2938,James Ward-Prowse,90.0,6.3,M,False,,,,,36.0,1.0,30,3.0,2.0,4.0
868042,Southampton,20557,Ibrahima Diallo,90.0,6.3,M,False,,,,,43.0,,37,,1.0,4.0
868042,Southampton,19825,Joe Aribo,79.0,6.2,M,False,,,,,21.0,,16,1.0,,3.0
868042,Southampton,19524,Che Adams,90.0,6.7,F,False,,,,,16.0,,13,,,2.0
868042,Southampton,19484,Adam Armstrong,66.0,6.2,F,False,,,,,19.0,1.0,18,,,1.0
868042,Southampton,18935,Alex McCarthy,,,G,True,,,,,,,,,,
868042,Southampton,30476,Lyanco,,,D,True,,,,,,,,,,
868042,Southampton,1902,Duje Ćaleta-Car,,,D,True,,,,,,,,,,
868042,Southampton,284264,Juan Larios,11.0,6.5,D,True,,,,,6.0,,5,,1.0,
868042,Southampton,2114,Moussa Djenepo,24.0,6.7,M,True,,,,,8.0,,8,1.0,1.0,1.0
868042,Southampton,18769,Theo Walcott,,,F,True,,,,,,,,,,
868042,Southampton,18946,Mohamed Elyounoussi,24.0,6.5,M,True,1.0,,,,8.0,,6,,,1.0
868042,Southampton,1456,Ainsley Maitland-Niles,,,M,True,,,,,,,,,,
868042,Southampton,190686,Sékou Mara,11.0,6.2,F,True,,,,,,,,,,
868038,Brighton,18959,Robert Sánchez,90.0,6.9,G,False,,,,,35.0,,28,,,
868038,Brighton,537,Joël Veltman,88.0,6.3,D,False,,,,,65.0,,58,3.0,,4.0
868038,Brighton,18963,Lewis Dunk,90.0,7,D,False,1.0,,,,79.0,,69,1.0,4.0,4.0
868038,Brighton,19265,Adam Webster,90.0,7,D,False,,,,,80.0,1.0,74,1.0,1.0,3.0
868038,Brighton,18973,Solly March,90.0,6.6,M,False,1.0,,,,44.0,1.0,37,,1.0,4.0
868038,Brighton,6716,Alexis Mac Allister,90.0,7.9,M,False,2.0,1.0,,,118.0,2.0,106,4.0,1.0,7.0
868038,Brighton,116117,Moisés Caicedo,89.0,7.5,M,False,1.0,1.0,,,86.0,4.0,79,3.0,2.0,5.0
868038,Brighton,46731,Pervis Estupiñán,67.0,6.6,M,False,,,,,25.0,,21,1.0,1.0,2.0
868038,Brighton,18970,Pascal Groß,82.0,7.3,F,False,,,,,56.0,3.0,51,1.0,,2.0
868038,Brighton,1946,Leandro Trossard,90.0,6.3,F,False,,,,,45.0,1.0,38,,,2.0
868038,Brighton,1469,Danny Welbeck,90.0,7.3,F,False,3.0,1.0,,,23.0,1.0,18,1.0,,7.0
868038,Brighton,18960,Jason Steele,,,G,True,,,,,,,,,,
868038,Brighton,138815,Tariq Lamptey,2.0,,D,True,,,,,5.0,,5,,,2.0
868038,Brighton,280672,Ed Turns,,,D,True,,,,,,,,,,
868038,Brighton,152953,Levi Colwill,,,D,True,,,,,,,,,,
868038,Brighton,295,Adam Lallana,8.0,7.2,M,True,,,,,13.0,,9,2.0,,3.0
868038,Brighton,106835,Kaoru Mitoma,23.0,6.6,M,True,1.0,1.0,,,12.0,1.0,10,,,5.0
868038,Brighton,130423,Billy Gilmour,1.0,,M,True,,,,,8.0,,7,,,
868038,Brighton,26475,Deniz Undav,,,F,True,,,,,,,,,,
868038,Brighton,202086,Jeremy Sarmiento,,,F,True,,,,,,,,,,
868038,Tottenham,159,Hugo Lloris,90.0,7.9,G,False,,,,,32.0,,23,,,1.0
868038,Tottenham,30776,Cristian Romero,90.0,7,D,False,,,,,60.0,1.0,52,2.0,1.0,3.0
868038,Tottenham,175,Eric Dier,90.0,6.6,D,False,,,,,68.0,,55,1.0,,2.0
868038,Tottenham,164,Ben Davies,90.0,6.9,D,False,,,,,52.0,,47,,,1.0
868038,Tottenham,18742,Matt Doherty,90.0,7.2,M,False,1.0,,,,33.0,,22,1.0,3.0,3.0
868038,Tottenham,863,Rodrigo Bentancur,90.0,6.9,M,False,1.0,1.0,,,46.0,,38,6.0,,8.0
868038,Tottenham,18968,Yves Bissouma,70.0,6.9,M,False,,,,,42.0,,35,1.0,1.0,2.0
868038,Tottenham,2735,Pierre-Emile Højbjerg,90.0,7,M,False,,,,,78.0,1.0,67,,4.0,1.0
868038,Tottenham,19032,Ryan Sessegnon,90.0,6.3,M,False,,,,,30.0,1.0,25,1.0,1.0,4.0
868038,Tottenham,186,Heung-min Son,80.0,7.9,F,False,2.0,1.0,,1.0,20.0,3.0,14,1.0,1.0,8.0
868038,Tottenham,184,Harry Kane,89.0,7.5,F,False,3.0,1.0,1.0,,16.0,1.0,10,1.0,,5.0
868038,Tottenham,18932,Fraser Forster,,,G,True,,,,,,,,,,
868038,Tottenham,168,Davinson Sánchez,,,D,True,,,,,,,,,,
868038,Tottenham,133,Clément Lenglet,,,D,True,,,,,,,,,,
868038,Tottenham,180,Oliver Skipp,1.0,,M,True,,,,,2.0,,2,,,
868038,Tottenham,19235,Djed Spence,,,D,True,,,,,,,,,,
868038,Tottenham,237129,Pape Matar Sarr,,,M,True,,,,,,,,,,
868038,Tottenham,207,Ivan Perišić,10.0,6.3,M,True,,,,,4.0,,3,,,
868038,Tottenham,2061,Bryan Gil,,,F,True,,,,,,,,,,
868038,Tottenham,2413,Richarlison,20.0,6.3,F,True,,,,,6.0,,5,1.0,,1.0
868045,West Ham,2997,Łukasz Fabiański,90.0,6.7,G,False,,,,,23.0,,15,,,1.0
868045,West Ham,261,Thilo Kehrer,90.0,6.3,D,False,,,,,39.0,1.0,33,1.0,2.0,2.0
868045,West Ham,19147,Craig Dawson,90.0,7.3,D,False,,,,,47.0,,40,3.0,,5.0
868045,West Ham,2726,Kurt Zouma,90.0,6.6,D,False,,,,,48.0,,41,,2.0,
868045,West Ham,18813,Aaron Cresswell,90.0,7.2,D,False,,,,,54.0,3.0,46,1.0,1.0,1.0
868045,West Ham,1243,Tomáš Souček,90.0,7.3,M,False,,,,,49.0,1.0,40,2.0,4.0,4.0
868045,West Ham,2937,Declan Rice,90.0,7,M,False,,,,,70.0,,63,2.0,3.0,3.0
868045,West Ham,19428,Jarrod Bowen,90.0,6.9,M,False,2.0,2.0,1.0,,23.0,2.0,19,1.0,,2.0
868045,West Ham,1646,Lucas Paquetá,84.0,7.3,M,False,3.0,1.0,,1.0,54.0,2.0,45,1.0,,6.0
868045,West Ham,1697,Pablo Fornals,89.0,6.9,M,False,,,,,45.0,1.0,37,,,
868045,West Ham,30544,Gianluca Scamacca,80.0,6.9,F,False,5.0,3.0,1.0,,17.0,2.0,12,1.0,,3.0
868045,West Ham,253,Alphonse Aréola,,,G,True,,,,,,,,,,
868045,West Ham,18817,Angelo Ogbonna,,,D,True,,,,,,,,,,
868045,West Ham,18823,Ben Johnson,,,D,True,,,,,,,,,,
868045,West Ham,2284,Emerson Palmieri,12.0,6.2,D,True,,,,,9.0,,6,,,1.0
868045,West Ham,1231,Vladimír Coufal,,,D,True,,,,,,,,,,
868045,West Ham,19733,Flynn Downes,1.0,,M,True,,,,,2.0,,2,,,
868045,West Ham,2473,Manuel Lanzini,,,M,True,,,,,,,,,,
868045,West Ham,19361,Saïd Benrahma,,,F,True,,,,,,,,,,
868045,West Ham,18819,Michail Antonio,10.0,7.2,F,True,2.0,2.0,1.0,,5.0,,1,,,3.0
868045,Fulham,1438,Bernd Leno,90.0,6.6,G,False,,,,,24.0,,22,,,1.0
868045,Fulham,19004,Bobby Decordova-Reid,90.0,6.3,D,False,,,,,53.0,,41,2.0,1.0,3.0
868045,Fulham,19145,Tosin Adarabioyo,90.0,6.3,D,False,,,,,61.0,,56,1.0,1.0,4.0
868045,Fulham,19023,Tim Ream,90.0,6.5,D,False,,,,,69.0,,61,1.0,1.0,1.0
868045,Fulham,19549,Antonee Robinson,90.0,6.6,D,False,,,,,54.0,,38,2.0,,6.0
868045,Fulham,19480,Harrison Reed,71.0,6.3,M,False,,,,,42.0,,35,1.0,1.0,2.0
868045,Fulham,41104,João Palhinha,90.0,6.5,M,False,,,,,60.0,,51,3.0,,3.0
868045,Fulham,19329,Daniel James,77.0,7,M,False,3.0,,,,22.0,,19,,1.0,2.0
868045,Fulham,899,Andreas Pereira,77.0,7,M,False,2.0,2.0,1.0,,31.0,1.0,22,1.0,,2.0
868045,Fulham,19027,Neeskens Kebano,89.0,6.9,M,False,,,,1.0,21.0,2.0,18,2.0,,4.0
868045,Fulham,104,Carlos Vinícius,90.0,6.2,F,False,1.0,,,,14.0,1.0,8,,,2.0
868045,Fulham,19657,Marek Rodák,,,G,True,,,,,,,,,,
868045,Fulham,946,Kevin Mbabu,,,D,True,,,,,,,,,,
868045,Fulham,18814,Issa Diop,,,D,True,,,,,,,,,,
868045,Fulham,18962,Shane Duffy,1.0,,D,True,,,,,1.0,,,,,1.0
868045,Fulham,19025,Tom Cairney,19.0,6.3,M,True,,,,,19.0,,17,,,
868045,Fulham,284475,Luke Harris,,,M,True,,,,,,,,,,
868045,Fulham,359386,Martial Godo,,,F,True,,,,,,,,,,
868045,Fulham,19221,Harry Wilson,13.0,6.2,M,True,,,,,9.0,,8,,,
868045,Fulham,19393,Joshua Onomah,13.0,6.2,M,True,,,,,6.0,,4,1.0,,2.0
